p=2305843009213693951 a=810161057291297875 b=1033653762750966254 d=658812288346769704
S_eval_point={0,0}
U(a,b)=2277760219085768383
num_master=103

KEY 1: nu={1,1,1,1,1,1,1,1}; delta=658812288346769703
RAW={544597939530367359,1546062902844774723,2294313768304727010,1241362618392835993,408030853827921415,1910489104977203436,1687935062624545424,76707691670183690,1018038214032701969,140643125857623946,265874433761243797,2228147656949577251,945654129128523471,1570128540143740011,653646936163627414,1409726205455605011,873196276074980581,1709599970060301889,568839945539457197,1187307885165075868,48966619182860083,2154769044117762410,1757542327367117242,1921244693772846816,407689533492117574,71221917631392115,794865696956246241,246461470678632317,1995120690122602176,905931760301920705,1029853906311357212,2156550566576465748,1028560189976521488,233259157841567370,1432503316327317236,2114146836749107304,1276026059034545064,2235845233375942028,761022494483723081,1026807371039149061,1792786904906067453,1269131258861024432,740179694560272254,507072874605208698,1793678806599119603,1297982712287699666,754315345564845681,797797731216549498,536516485209544945,1973589888009681663,828552546680177188,1734789659187898909,995282678275422832,1417079594161816159,1617433460674301792,1957434979550733294,1374387823893184549,1241473982793998047,586743332159868871,1141076767730797146,372769253139251650,1579642436523030964,1436005082347306881,515270777445310256,1890066928418551752,1279929810575109464,1457912855761164902,1467879820437286948,2259160253980440884,554233123122936484,1593921535140677468,1367219204669451785,1662283484590556347,1973155272216196410,1803941337695648952,42428839221657315,631210465759301105,477457939938423836,2124677860258161185,1600396766337546243,390892740099093907,2219326422879073014,139929196120202719,1225727844764238472,338207264751443307,2267301941637235473,1212649112420655688,472314041032663929,1413692575201894372,438986896464419382,569502369757961193,2276319161488091308,1491145054242943304,1432675032777244240,747036834004620904,905648152868380512,1443782222710987576,497174282886707850,45349531668932600,120079872423680152,1255862503970080446,2020723068777214930,1367285423253368254}
REDEF={544597939530367359,2116778646383274956,191862508625149526,718487840456301098,572821937116426767,408825355382095884,1162802108981635513,532672031135010765,754852036344601860,1745391302438887772,943063120199898861,638659933171195330,1382550295048194180,1996275428000939138,1226078694876522477,1038144617063034288,2162891834881935448,1335519443468090287,560086268683113526,2304548257336549646,725660719429891305,2212434095311311762,1476778522413654499,1759129238817289806,396706538928805208,2224688066334805340,1291691153862655893,318573168139653271,1078607075211270405,1699976922304697359,1123548613374675979,1943834659699730020,1940222877492847709,272723375128678654,277528780587094959,2298240157880373236,1075497478227024842,1435839421018401838,1653038278506295446,909398936193180153,799174997935171779,91527494807844433,347559952969384352,1535587474452129699,1239331853038721943,1660898685219358392,591015255276866699,644406407916154833,1654010304467324204,669461207754554506,120526232399929507,2250637199336104425,191183254947709150,1079149874329376159,1021416337386865330,1036528031089591973,1578375520298711667,973037587111882698,1624614899297556315,1398332596618099518,1876762478586823903,768848894114030913,2095261682723672197,618469002804524962,2075827549174835917,1839860864591560214,243497440089273677,2124283716765519980,62302402405949988,115232508161339638,518684449627283425,1114382821016246823,1622271247187509667,1551129292429473696,145039427416727544,595441383319325903,1083008952715787375,1699617972854326899,1879870738811367607,1854554051284336645,1017402904460067249,1268877427824251785,1094953953013504085,1413840709610407150,887543726126259477,737307181824231995,1030030048118333170,2093801795492194978,157742340660595489,1124265572072397293,2265287620429653035,572865091746448814,511231862201830269,2167780595799704867,2111760351102302331,1812975639197382237,548291838189627181,1757103843750379283,2118164166106112978,1254319009855040084,1610993148789477575,2114101341844771967,369020031204764587}

KEY 2: nu={1,1,1,1,1,1,1,1}; delta=658812288346769704
RAW={1,0,0,0,0,0,0,0,0,0,0,0,0,0,0,0,0,0,0,0,0,0,0,0,0,0,0,0,0,0,0,0,0,0,0,0,0,0,0,0,0,0,0,0,0,0,0,0,0,0,0,0,0,0,0,0,0,0,0,0,0,0,0,0,0,0,0,0,0,0,0,0,0,0,0,0,0,0,0,0,0,0,0,0,0,0,0,0,0,0,0,0,0,0,0,0,0,0,0,0,0,0,0}
REDEF={1,0,0,0,0,0,0,0,0,0,0,0,0,0,0,0,0,0,0,0,0,0,0,0,0,0,0,0,0,0,0,0,0,0,0,0,0,0,0,0,0,0,0,0,0,0,0,0,0,0,0,0,0,0,0,0,0,0,0,0,0,0,0,0,0,0,0,0,0,0,0,0,0,0,0,0,0,0,0,0,0,0,0,0,0,0,0,0,0,0,0,0,0,0,0,0,0,0,0,0,0,0,0}

KEY 3: nu={1,1,1,1,1,1,1,2}; delta=658812288346769704
RAW={593035042552119904,2073989742454485708,1400112700554819486,1366999289120777036,1218379196624451055,2185620284623481462,689400580279306846,878805231666635438,597691296952900872,1461254286030234085,442235027350551146,1187585338405931761,2195938939673377527,1853858146079089031,37790366112104258,2051417771823240925,1787392596460710840,1432098119211500198,1537054108025326411,717312529102534000,1387351259799832057,2101812252057570363,1779672749424835987,1753224421090758934,855348147271394386,1382365216655825474,698143861732315434,435213517582404545,751904500209784490,476033146758531286,1587124689967223508,222682733270113165,892983725310833060,867411091025286311,1519778113444339134,1313892878155768564,2225848407288502526,1187628079261262565,596289148649620966,1544861607919235457,237642227563913698,1436069162170419731,614683057537751331,458487586487483943,2041665393122796011,853787765410207955,1915261355178865527,33022531584249318,1853445455011232912,1169132456066493929,1636018733881755403,776559320663399268,334907115827115964,1190267798830285180,1222594364501310473,1815868581458312652,1587761767198100623,394348951902187030,1864375217521667373,1701763682757598992,1020772151874078709,766558434623357772,1734999473854330367,202037422707912053,2216221588427586643,595447101954024540,1931741278260795738,2257604609688964846,1865656041214851051,2146508867804729530,1609913086361955811,772950725111067507,2156640431518526536,1551921968497301309,550985192004668190,9566601896945014,2120288371020531395,568462491082319593,1273277158513707869,801089489569395055,971219253002967928,548975050422372698,28369449208715236,1577177007314985725,778101897214470086,943908501785875496,104620318184836858,2012195921521235111,1998756978709704176,1953463638681539042,893521125125516785,474141343548079720,127443245447338236,722494282488111590,1090800186346210999,752402502658350004,494230175672435837,2087661472345703529,2001663951404489787,1318455567254360565,1203904711094538648,500562071389414075,2095993762238045100}
REDEF={579427216072536753,1644462851663877354,65455856299444855,780573289761576437,2235538693602663969,1393767054988012145,2139932748699231207,2022659932608347037,1356284592094822991,392138406841870833,1151457370641328123,2054466655372808604,1953479422654572626,963867165101607926,2089574790517181867,2235045230137752795,1805406888223097157,1938711801056623351,2186006935668668953,2248173099696488360,1163401100265837010,895913109054201141,96415080903097680,336211082990751271,355254397892860164,1478549669760615988,1674330261697341759,658932231948677363,502032587228129090,1180126788942666025,1026958227847280614,521220124308913933,2007888133924089329,986937032510571304,1880482031187032905,1190956679988967283,1378990339648039999,458206114050974151,2095306265702891684,859473571579117225,595449707391458691,1178296410865277458,1726760503249817549,1574493835296350028,472213769821539905,1171294333444238509,597126886944265112,1731940953783478830,2294433453233840431,2124643289576878836,1514505150934791983,1470340000650331222,506047467554645313,1429977941128354724,1876816022649778673,315292944360193957,811735988310068087,293466426499504983,283692327454686161,484665035343559784,1822660905091914877,503276972407172470,1797611588991157688,1374217455727388861,1052658228218906654,1892966182728263121,1591930079746634842,253100482362057370,1128322698069060225,1458282903328335004,643728283952623709,30337717922251740,1023465974381758150,2026310595219172757,1615068062865310078,948524533177816724,1813481925408758008,487597689540053970,1163089564827223768,1570780008487190173,994874774273989022,264261548545916481,1538403122586420724,1745901187355216457,793243738524019619,2304684118318938690,802881430420222025,195614363953995493,2123880700805275327,1940287077964805371,868399480271333561,1433127865157135740,968971456295865008,919087354916671051,2135966094981035739,1074263381657022408,1349932645674990631,1009522406517474595,1872009553910817373,1574258083487355045,1671947912359071549,1414110606146638532,970058063869566953}

KEY 4: nu={1,1,1,1,1,1,1,3}; delta=658812288346769705
RAW={1016766035883025710,2142038554296359327,503303860737824189,975595622819488613,1290652021900339165,597554350298429059,1559426623001168645,1660035773994964407,204580696045862155,1614020209549593100,1277313377385351808,1537351632647489236,1180375809331160590,1705432506136869994,1995813931805706087,2270436574293159955,1947419665315936664,2059015349395452260,2213388428478129595,451879587428568337,1230555935913238127,454678495002204238,788594480351092844,934669581255762578,196636350143334075,581974526360166014,1852220513823704292,487776191697983780,1408091035604741536,324763415268583587,848530239020003300,792923061763732033,168983767530020181,3033097402451775,1468763862365483228,1607001993388766496,1302420864391022253,225294642191506043,616061664553107077,293412439985845501,2158862618056021599,925078018285777210,1055306961897187566,116032990739691152,1171526166042168516,1961212562941270104,1604745241788988679,1170580228546324524,1611790645034022652,1679102373560496987,1031912736382284763,152354101143132413,1053501689235909564,1804518630076910713,655572056975516354,1573878607818688143,1690709340778585430,1589757951799498216,1535376808226876945,711029842753607384,2104167749261248292,1021243923452005234,311795553256444669,1482898260978821487,988542353584359602,424031046576484362,902715406889836681,937866591194196183,2064504623939258687,508787407369092022,2247860756175829090,1693079893042100520,2139091277974904416,2004822106958707987,316528184650417058,81982373639581269,1689623858888940972,324337251684862403,2158801981463939808,641741252057367925,746725236897769986,1495751892224158952,30136725127799795,1761265366083702995,565110355487929319,933513371870411278,1982982706500112987,1487491273376303145,2001394000815356390,2091743328954885509,1581355398387908442,1890054917819842810,1205036046693232289,1880907240644441506,268091194402350154,620873582367631,1090505683312631610,1029407470925561665,334035039712013602,1193605974377368999,737266249140544225,1751143643808716527,1112491381591842655}
REDEF={1922039824420011037,2142038554296359327,503303860737824189,674750816689588834,1290652021900339165,838643343748561144,1893103213126570324,1960192656983149889,204580696045862155,706245269318683971,1901842084478656198,2226511427906415742,1968620058209975779,1194984570431347154,909131891978404178,2270436574293159955,1394933555243644231,318041850359699663,2162763305637645821,157345797731712523,917356734781572663,298076505400173626,1840340999486738344,1152680392761397066,250751721003847015,1620996429864342686,1738021929078053169,23342632761975144,242134665228572729,1687360386055052840,848530239020003300,881539126380593053,1226088483359001515,1117249263789475378,678956347130860712,71528129452554548,660338352568810366,1822065961777912900,1829366423350406503,2123955075961338653,43657656771452166,1760133691873192507,1786192673375735437,1881448477154147383,590274045519981015,2021724919191792909,870850159355268740,1299964688365078970,940223860185556058,384473931348710549,587864314501378471,1363716426423100474,2120307300161637759,1540832683082246757,180758846053177847,705384478252412006,577213744486229202,1317946026583638311,2114997123966651078,711029842753607384,1595284237456016299,2091863893267971426,1002294650949699220,915589967423732514,2220531693406301244,345845411890557036,1486783265711865976,135576290526457143,434412266653305715,1698130424686115666,2178972945433418213,2225206955390311841,1840221943681235433,1790095799713027239,1222770588145161685,2038244171454078855,2269742771508315942,79215304757444842,1195418120736443270,286539646053190679,2014290806670667518,366502931566352963,1791462927783253944,884641701832481232,732374051978124828,493432842428184847,1946896125915601461,2211383398247490459,118085299806080297,1098117256532671807,2160038024514337560,2153618248159169252,2016662870683714766,1971149530321201757,761420177609365959,2287454962616438139,757703524674459954,455257366295820998,162531646161151108,745676478099302609,758515633700510417,388303029273973306,1861013458470670092}

KEY 5: nu={1,1,1,1,1,1,2,1}; delta=658812288346769704
RAW={1369894251662995808,2145758931762804377,860043437699957493,1730408878408949878,2132820893960583428,1418147981301394497,63209203983261584,1957109228906084343,1294996830895408279,913338961662854791,2026363709250270808,2092336700259104421,2104312464179663971,1749939421466757998,1853858146079089031,1078005044339972596,1338232438621896203,1981271177287561685,2245641293604037259,1787467169710045691,581416516358230367,44153764032025148,120329016863393488,1398973259724477142,179301628702944767,563029057471591790,1466407632888157125,45754539372425091,277924178343450623,751904500209784490,329514610962774624,599923263002369579,124997775538156868,1299343017238948375,1043328123993056445,175281740768311478,206081557652849409,1485787228243328429,1303182251337981197,949719786868473600,1935947059013818434,1810789835245826678,616087034299054370,349548493845540154,458487586487483943,1923155692259834478,682814995463341617,1744682718439212819,432224596511000740,1966938296613936466,338154363417637848,706656879441908168,2189836854894343581,1742537064689233186,1932380066979311906,1128338006843671466,161530080005409985,686740266178630465,394348951902187030,1088282893514283015,986934382608975284,889495367757279254,877661598199022104,2235807359534622447,118736840385109180,1642519634102116959,547586022024356099,892810815309041572,596196586902085690,1811656186824009257,1831276198226433106,1668395157573732049,719742891281209765,2156640431518526536,1935548117386499032,181539240511985238,838561469822059430,1045464306206379418,1757170218262932731,1710745243935861010,107482394260307064,2228279808034182554,1780303729368299979,120222750712598571,369130991346000407,2009372808050921569,2230940793885003729,195366449002078690,2012195921521235111,808125409361512260,712475912745430137,1478446202621767322,810018841793267415,2148126541031101941,591109692898484460,86788773061963068,835341622706064438,57976361520849860,507402298222467381,735947568878347689,280856363643557049,460110953255083167,500562071389414075}
REDEF={124523763126889637,1899000466172292169,1124666383303651955,960356972650876918,958642203305255955,639022886709867793,651487909697603432,1931881607187174486,653128157510019130,585391003353720192,1883155048506255715,1520426883048252232,1600478255924243969,564970745435804610,963867165101607926,899941260022695295,528626813705760641,1746771846070289365,167854027514492156,83755539130263010,2219674498774199636,622954931254948440,994087132719109012,322231451936454869,182528325792966003,1033949363309161943,2131267972978426190,874521136150042426,1748254489168851447,502032587228129090,1127414832446337256,1101378487068782886,1642982768588389259,384270038514193478,94402719071455947,15924141411164179,1311300704468616627,130853061861094296,1311312071550120857,2012138514286977681,1985076427988818585,544578662474318131,1204839468264809413,1385588643054458503,1574493835296350028,601449427097310723,1244858434313969252,678043729973088811,302805361489980075,146308110952932403,898345399032295306,1374148709427746684,322505128638441807,2262281146825687976,1841121653212310417,839113126606830110,1019468432607541444,1825376584027835638,293466426499504983,225496637222852225,1002946685113207604,2176795069463962980,301967924478817492,660841618026349275,1287582380862727657,1433174319245084969,358611782060456245,15307928688335409,2079960659779692931,665141159079172660,860187227103424236,1975485238492048521,671136979876413167,1023465974381758150,82605817555046897,829780197137145334,2300772343179338088,2141869407674237023,1734369243249227856,1939139818008200548,52504500051893127,1395105938858062980,1711782104307570392,1820453686003264825,987732200157387038,2026885870241559395,527570438032974478,398523259378747615,195614363953995493,2228796213584467106,2236209317476284981,2025990965357171463,1528557161936453635,1941121439081315949,545063015303195183,1329758641995872130,1179972303013177964,765106858471595443,1805998545718915284,2032491543815071829,535304260141174877,329436397119218563,1414110606146638532}

KEY 6: nu={1,1,1,1,1,1,2,2}; delta=658812288346769705
RAW={922326418026427343,1340524402986985047,1531211413433352508,119900628557705142,962401651841616112,1993735263819537853,1750793366217792493,2236959860429745035,1469489314208794170,1515492820986447791,514749351318746161,976968178024111903,2218497762311995771,744720840048089847,1105022003060046037,1790736205727216309,1365779880560676878,1834531336208992712,1762652792411918905,1138397847515472668,474541870250366045,361510168201552218,1926458886798583410,1275524798178720184,706740430396927944,1217231636053516629,1549150169717601510,110796023237814607,2179676408919323322,510339061995789121,396631015626486721,735593933688561913,2113166378104674525,1736552949859420268,328427345045289336,2134456214940676506,1566004735165008674,710618888590169037,2067055321411219645,426434804540334122,1506627452618148292,1359714601601941636,2110095039683384562,1850798960268410982,232065981479382304,2138408954741301066,1598284270292599186,1978577724838550370,1703761390842973955,370166896709454361,1603021928301421223,1829020759842839849,156567956271475663,456025136751402252,803115545880888956,1988751294725690826,295604575747263624,1431697011454577084,873672894385302481,74805007622734753,1720347413588417802,117125629714790947,1200675993951172324,1696094292892770773,222073153425339349,1520964690734990728,1524650854492166972,1593463100516439856,1397835614421624227,578838940163995270,111021475116167681,1120357689455586297,1152876719778105783,1972339546736114881,1959473817562943163,871173297035818447,43363465989855277,433453445796425342,141090807829878723,313177473525895587,237728822450903718,288322699280314204,341913501223135854,1461934734788706759,1668180825745043316,2181327052831994941,2243953214860481458,1766543816468625258,669139537538912339,1234600028992986869,1688227699630127941,2137438798305213834,574392021453234482,1234555307092612579,670121675079336591,949919690462675957,1588849884855303756,1634570070376928242,1786243049014902295,236828233400809813,1003112278492048433,528266516772101062,1196444278403739103}
REDEF={1520984865655037625,1340524402986985047,1531211413433352508,838804984855738811,962401651841616112,1785326690924055001,1941121079825896053,1503746378587280268,1469489314208794170,1976171992682608971,280113880201017352,2006830949262138063,398106369927967058,485816906259211310,84126131649000357,1790736205727216309,1007733379252069845,608237593794718777,718899814708895969,948147248055984610,1560598232744939039,1112741836070025416,1125108190393460403,2117052317081210508,1403404579288860480,785843039033134262,1485459792855551998,2062149525761514383,1602216696955511806,484269330457145458,396631015626486721,1505773628496594602,1928708504140345082,2113941858567011712,79640708342439834,1010878917943305176,2135834429834685987,1075995816398457894,2207537159308981280,934542864350633664,1684523867301458298,270474823078066559,700209784165091381,1689892598335251790,1457053945094600815,1767801569712255010,1652796963915288165,1201454257602147935,611000817815495848,1488518310875558139,1950901990878785889,1233643960336199619,748142700532552981,1811545592164667391,1465148467346780174,1069861344196891962,2193580351638872725,373015671224466019,330049043953582671,74805007622734753,1967369311566176942,1024989551800737055,2000278578423634177,588890292709777293,1901799113029014005,1440028658186458557,1709177883372761890,611490529804939839,1656281705386759007,1116834957684306956,921134408124962343,848857242878932270,1497834081289078598,1374600878148776915,111610501111032450,667570275112537569,1971595505443750692,1815285769341998956,1562244897118595012,1077002868112438565,617878053196313889,1712989872826181918,1866332426904198374,2286271967901979421,753910037059926968,722931635112520290,73741817682832472,84025987403939399,2116923787281286967,724182131658962288,911595862081906029,999779082114800170,808318657031620206,963937448037333835,1230987703796329777,1867662553953256821,2202649148544697572,518909525173983584,813867770983883050,1361053095204365742,1326129681573827203,852145493716841925,776606058547946612}

KEY 7: nu={1,1,1,1,1,1,3,1}; delta=658812288346769705
RAW={1773107086945281866,170834600560814582,1051818496768064139,2194523240722606949,716705177362952661,1254557843853631793,227216389626841660,594481979745988854,303235064065972253,1886411178302112854,1577815943479522187,184518157109357851,316934561921869677,1432434246207770299,1525281924630891899,1053146679835657784,2283701148576147613,374497882910576367,434834917377198281,252257760101149932,1552649151923943530,995461173308316632,96039585594027198,869000863676006015,415084532223711522,1452715456054127216,1988455885725715327,1760960493631203022,145468748869411429,1089838204459661661,583780125436452511,1237120760371285852,2028309129112309035,1429310102861176062,805808675922610626,1886907879032653473,1996416341487440715,138441995160789562,473026938847859717,1534724498820021881,779417015518343706,1060687276550588130,734577325943373364,6540010445340691,925399480134205491,528801425604809799,1322699253406221807,2186577075086422232,406280324849595066,1978669306374116647,1388146483437741967,25100752889724026,2186803618329297215,103278509834791678,25717325456682691,1622307376492293130,418127534199659867,1176007675935291221,715848505727288542,1109213681901967993,438091252306135399,387336889389832688,1286982705719377333,487497298567460048,701842411951024968,231815595490912186,784274033304458052,1926922139221906576,1168615002981051598,967469087156532018,138837903569202947,863275866773664835,446421266810375178,1729359864495899867,4160625974443243,919927892172622969,2179641720930818421,769751116345495374,2137816175832783984,1261385484613496310,1718197347141488478,1505239227530865042,730678429578265305,625724019576506092,1913698362911242009,113591661717913062,934674098803502520,2011899996443257824,883271908234312629,1804299263154096753,11184642287598015,1876992249496426943,386911547322798138,1350233653707965762,1905217843320210849,1046637051596381599,1870510401353410081,965040593365658405,213951825292834942,292156791780264329,90184545151919668,1682979435643232545,264133258386050531}
REDEF={1162801794536624882,170834600560814582,1051818496768064139,233210393689857082,716705177362952661,1513255430575178222,2041870964074932340,1014214223698389031,303235064065972253,335507703637375627,929005331948011128,1935118988243582502,2274124913214555697,1344348805585613624,242908453129605655,1053146679835657784,1832040890907790974,1979046218909018728,350153796260761243,1788191346017989794,815275245720616464,914755382979788405,210443383342985184,1501761203890579203,619215651870077256,1495009117658582474,1103909129875144231,118832409494625464,1089744677697300597,801108348477755903,583780125436452511,141855989113627928,352515482766503231,339534692201667389,698456920958652960,1111633245422551462,117747149299821242,1320037426723602473,137568460307182639,887232321486676848,511299689665833371,758824218354659252,1824290569801550584,11986099323537667,844946299167625895,390529662158982195,2099673774813927177,1490291034770395900,1269826008455624034,970961037873951107,1225362330560469714,506785681200609706,1660941210186807253,2107892084226437049,165644076031438849,1461936128283573191,71038720546919050,53797412029119844,1339429340219079985,1109213681901967993,2182957329750597456,208074527203875637,1028980548930474350,430601710055320164,492418725440201872,1560438861000610150,1252394575552185227,1729783777677477161,288841483494954984,1528739794572871633,1230780016005206224,56945103938922485,1470423655439165908,748917040644539299,1590597476145496933,1952593803057966488,31048167490192855,421821487684463920,351071137959982794,1936059497558939922,867402508329935532,1417962043157658434,1323607509200112856,2277333651088172613,97855206558572650,2106621027966746598,367674868546819013,405599090633370782,1194934498308816675,346930479862082433,2205655532087775995,913123016081151134,472964231986473532,1844779626706992359,1462750749393706639,861903049912653703,1109903226238548634,2152993761382830212,256104950264545203,542347163507972652,1821992425225196448,400659892308140924,1578994251465267938}

KEY 8: nu={1,1,1,1,1,2,1,1}; delta=658812288346769704
RAW={1004586829443588798,2267959789052792220,1230215843388278432,2018358385728375206,379476209780333536,1857402852913287125,2302572649380784628,1960748427081007779,2175153732223867881,1687898333962042285,1279516145375039629,1754553914159154592,916717552463376034,2092336700259104421,1187585338405931761,221965652656609891,2160298007153273085,138134331428842400,315715390446488263,539309081952690744,624013148347687477,486929296559534052,444145120969630438,1140274347430254179,140712492423013181,1706512061572693105,1208123705881038664,1967339002768458556,1466407632888157125,698143861732315434,1655666502678782135,331851512629991963,963692740923946952,924523571047967823,365513888086058727,1318564344267627240,1337519064610842178,2298125056591004375,251530354186684549,1446355005377086528,301637284727906306,103413714772806637,1010000583663016117,1810789835245826678,1436069162170419731,1523908982618849183,43922496472240932,1300606783024411091,1796618993097625515,1907232197760846550,719729166363311229,1379120281708077495,1303633229307662264,477913859001553747,2101265897284768926,971794238596490095,74692588446876409,1128338006843671466,1815868581458312652,161419367126561338,1836039088570963718,1398467791052287855,735200690797303973,88413666070565456,685134410474508858,838310035943865837,284701032366935108,697496346363746980,1046807524760960366,2280696118702095821,1597717175545080360,52267743818010099,1831276198226433106,1609913086361955811,1265291698445171103,1049609111935206992,178920417018850569,1376320842069508480,497200036575978673,400721115803574073,868690259065687179,1844246548413617451,1664302335223679078,2211290568738754843,283933409703876137,2158542236967125815,848511005416277499,2009372808050921569,943908501785875496,175696166915289189,610262654882729698,102841986444805894,1881927208643842874,1040734400525836678,1058445874125484003,2242121386490024833,1604066975858853896,1807491129445180308,1309358153421284866,1799986782634308316,1697484893595285623,794948302299611292,153614585874124636}
REDEF={1167455540836197497,967137156734607288,776347247662649644,641306371048635551,559129320752493604,741419474385470868,2293122683766246444,2153366456542464889,1277025234902745046,591014944984796692,525015176287288354,722892433610322551,739039918523943809,1520426883048252232,2054466655372808604,467708170335638408,598119047859422931,592108973725832055,2006538881771379072,305722913339097494,472595629505321541,98342569691113942,1160533260800690110,2286124344608071044,885764910340699784,556915076661109936,623501912832971172,712713831692570318,2131267972978426190,1674330261697341759,2116003428649549828,157040478901643045,2285483399668278432,1882924392700487322,1365030024327017053,225524948225581718,575362706440789402,1054594009944125931,1239999121902294006,1866810397829737637,1589381825108321894,221798146337246958,2175194708891336633,544578662474318131,1178296410865277458,543353029346058371,782336436895125759,1982528191949064715,1249292520352989591,1130364165877571818,2119637530429860525,5704777989926760,714138375535800414,1274196710489157933,33269294038735006,2072083128009514974,554112873043015497,839113126606830110,315292944360193957,1201511469009058,2262717613001102487,1862950526983776974,1112278105879845002,1892202049944974705,1658701547869026178,377252895718628076,561125952650671427,990528105195483245,1284961310892783792,428620003351789571,2224747430338123047,1880963336378893546,860187227103424236,643728283952623709,1810321469221239665,1193622871768425859,1202408072170597867,1106140639880563345,398523943727697817,1158027798437495455,2062044164443666966,925136708037761857,1875175499493229432,1466904873720541993,794920427024954726,1505488672907865418,1185959365496738963,2026885870241559395,2304684118318938690,1749263202782164885,464016479135620218,491627027045795954,1040149267064800697,2225424008786072528,1476528096700399641,1821357281065761447,491445525034728136,725364932273265134,2073120264038480333,764039616350888104,1438176098607940795,1398740374653388150,230336438997554274}

KEY 9: nu={1,1,1,1,1,2,1,2}; delta=658812288346769705
RAW={935503115888663023,22646148894570229,821770038985285826,891259977543369436,1636786541515967796,1319563268398235926,1743815879795855915,894257932573363527,1751314765440238951,292432947309766416,153922200245626076,784014313342696190,78175208037512590,976968178024111903,768860256081284521,1166227526200616075,1852613169564399953,1488767201851550524,105698182561771050,133491044862425460,1354218955154506611,2224718362702686808,1667949514073709024,406850695291143848,1453184611872714624,582982725181347561,1603687463683741252,1310131024082464862,1549150169717601510,1398598018433714633,762681161890411044,2059920450035619899,1132810773443006845,1422965392750629497,79394799402331619,1092040168178574133,1009758764010366047,757012331347635451,1594727079408128311,150613626481041492,2118254285123335044,1514576895949530615,627937525556733919,1359714601601941636,1850156036571554420,2087516492697075531,463297878122234496,651242195024923615,1990905897048814560,262141635407520801,397114689832347930,694052364179671299,1542984505010198097,1361158022720212997,1297826608249786902,2206910146493304209,300545492666560999,1988751294725690826,841914206423682335,1425328000266114594,942122125621835953,2286751725089088146,1136346305592100876,628727600165682862,1980125969423448672,2030671846954251193,1554937660811070051,1951644397381358282,2209988032107852880,1763959310888132557,1451778302213924081,7381288359754601,111021475116167681,2189878503137964229,1837736707142741934,165388618469722514,99860362122703009,2101720657201409493,1354603992990932006,728331111361283443,1981505757528831548,37401016756166813,475516816455848989,572613276268196050,97653076857085783,1887865712526222047,127532436693730127,2181327052831994941,1867026743740822556,1220150393521448965,705010244912500140,1761768535051387895,412627521665426037,1230064509676946919,1714901140958947423,1100806962520461662,536114344045334031,1933382488363118706,442904949310585857,148044848153626391,1336140158848054408,797563267006829906,1524939866404043071}
REDEF={1565479850727070174,22646148894570229,821770038985285826,1817275299577833580,1636786541515967796,812495654601604895,454433595730201439,1449101395138981033,1751314765440238951,2145585521375347989,1002174330592101581,2202836783104811952,1954382596618133065,2006830949262138063,2147179846599137533,1166227526200616075,2048424406312643649,633110278012740455,1091729661449598676,951497363639411497,1374036691763256553,1145443692906825454,2081766943527262966,1233063752208684878,1186631831361915266,2066500969018841217,2222152677432871103,1021455644471352472,1485459792855551998,1170200848942412387,762681161890411044,2245921125949744523,1539671414517093737,1814383897187173526,959408720310449194,693495113010733154,1281917511461207528,1106922255123784745,955399612927114677,1059308552788474920,821508217724912379,786470223388520636,594291401374056652,270474823078066559,1214424374532691063,856694075791117940,484797508721198747,234677519186159194,1262492250900699405,1332062477650591510,1971162715494776985,1365619149028137893,1290676917586400138,89768339984205776,1700020602214919,339215797422920640,1551644713901599126,1069861344196891962,1410768956504824012,1425328000266114594,1512699682132814188,717275654953595315,1841314862713093635,1806287865078841290,977319758212389084,70566774628523242,2252498795462712537,972304946702486225,1248546607809803154,755178675823332531,800553588790779740,833277780230883646,921134408124962343,2052102881653142475,1707575068040771306,1401810670196353001,1217227572441663154,1154184589613095597,1742780858828369561,1177785339325522937,2226627704456249109,1627971395676290704,354718023660012222,1123289868535784095,698618626484704644,1305197971259053723,1232723798116230977,722931635112520290,986865684856369694,122371786536983131,1206424094323211877,1938866082058075697,495405781881852840,488045978935374953,1046544580793953540,289180138529979185,1722710676170223871,1223281014199542782,57897296646704480,1703951800221609193,650126584644604432,1927999162271901931,115082428244500432}

KEY 10: nu={1,1,1,1,1,2,2,1}; delta=658812288346769705
RAW={1883317387885501926,1067667088375813708,992275766487601068,1503711511831448123,1126919080108339336,522030096583047928,144144254828398881,1097952793126799730,1499283031022862593,829891273651894556,417186368217243348,75392032798656146,1436744798877926864,369036314218715702,976968178024111903,1156862954981345793,489368845475337450,95609962377279829,1557601988350040227,969849653916004383,3431915475613133,161149037941167117,1817937048416092768,184496925032775565,597584514079267981,1592349869684866955,412965414381493747,298041277839433248,1671068762237736703,1549150169717601510,2106599688806019832,1792352549907196040,710095168490552668,1484730295705847668,64143864288200162,164607215135251842,863877041257537795,748505635245951942,104645096916697520,688539674237679947,724574256342854250,877144402446185337,1073141619628421104,2121374553101176260,1359714601601941636,1778244120362742084,1248893778227246049,115711435423478105,1502425853573743843,205491419790786181,1076238529466943022,301040809185359998,2287152748116195217,307004112953070223,223477828080033736,1630315178397985856,912050273502804504,938771743770892309,1988751294725690826,1825676365902580048,1575468667128727952,1472923911695456504,1745972117154035279,1468945744313355684,1873746526465434423,2020523491367569990,591131248382173954,909882684377698337,1594926211180069610,1700489119478500840,1800581289564207267,64698364126465476,277675807138405894,111021475116167681,2141008527287269044,653309425131900077,421872911205431336,1888762716493405127,731681050883504441,1553143591982159432,2089116286315481280,1816384985376802526,1199713521103413450,241988600904871811,1191396264959121353,683260857945536693,618026460363719567,227183323435826124,2181327052831994941,1482868438680214333,285395958076933964,1370630884270512094,1206800062320987807,504611305408921252,805075644091786030,2018646998487076710,2099087370089687124,182971105309684305,2277048567927146480,182636525321529332,1266643088816110639,1128014892834306323,797563267006829906}
REDEF={1498962646383700354,1067667088375813708,992275766487601068,255623110489684559,1126919080108339336,1418295167227787428,575718066336620248,1444150538793281935,1499283031022862593,1532439312010344909,960750455136515436,207111938408786565,1167506376442338554,1564394967273471053,2006830949262138063,1156862954981345793,1547028502261951226,1927516036439778186,1430144590431169108,1026187865702771428,229509947848320631,1118569599655513280,1406233577360608663,227604083330887933,2066098368820786602,2044837504856251615,616155421559797567,1130772823430799693,2207818259750288462,1485459792855551998,2106599688806019832,570605920912735100,1038113441497352570,1397642093730625785,42227525747261390,1441658709074058,1804042326140048566,97130988546384093,1770063798762160893,890027072940725874,31055599025647188,863993879709051229,819472448399839278,1517648436709318504,270474823078066559,27475724800200888,575635872511010149,1129628829958858063,2086011363096569562,83596384539692960,1636663053882878819,2000342600305946027,2242004172329248024,748454439807815084,1408159609371636191,1822824354116133985,1317248175115640831,618029247353452431,1069861344196891962,1825676365902580048,1088514739670944747,1529287158968934077,2084336189183173432,1682956643091507189,953614036322523395,419461944106611286,1610133599470395037,570862404675482167,176736286462974826,1988049883342678256,1475250805137685659,1415341042007515915,155717022796718497,921134408124962343,171871946367223672,2275583936890955226,1903382522571385653,647728119642439370,1802374569671206848,1293814809155106978,1398200124542694473,99790661852402755,100150378685764739,719524954331007722,296316360710628805,767745533532701121,2266700926590264891,1907399046719799245,722931635112520290,746064017856874416,891080601859133698,254881260711842488,371501138468150578,40267752824500833,2009813229383241546,1901683680697883848,1789066967642903355,453509020216014013,1580794158650338200,1726870042746649151,1627735541967766100,279699959406955355,1927999162271901931}

KEY 11: nu={1,1,1,1,1,3,1,1}; delta=658812288346769705
RAW={1619672840527446612,2089610802023688969,237733586135495140,1049685805634622223,504734266137006273,1063765513087563764,1656303913218217613,200316015042314804,1087033477973600362,287737617301397630,732026314652796789,798546864021125683,260422803007072019,37696016399328073,392007156671348095,1151104177417385796,515310173594975722,1398976673668777183,1396501023508731200,886456898300309294,390588760417594669,749915166198184092,1564186054486361956,1342621386669029350,1394485452652592885,1411324979997825035,282190167361042139,1828331133270555965,1359404211797593849,801843731841870626,2800608868189162,2172693349552035481,2118610087215377238,232265928769522141,726326094148818277,1413804899426714157,1271703139900377395,704145766782673119,1419590023171043871,1858258051815463639,736898896882849029,1507051240453606513,1820760134267325749,1591493705829939644,1910209952581612283,1321707596783930257,1890480734028951199,947430165093815101,1127385251488636900,2009206616028810082,1799725973687562524,1808116534951490311,2263994789160710528,2184872227573134916,128979118211750671,1243060807728709414,1361158022720212997,815157589198992928,2256376577853499080,1764243339260231629,779239336304453740,1027664594860326322,1113161415270794104,388495790979837964,33659384745118030,1409347821133229754,1583506310458337290,1435959613914732904,26387681085930848,822963982565670274,603141324307444758,1634579588294023766,2053212149388950609,1878810655713809016,859843864705277920,1830948013182013765,280019030829529680,1438590104991472250,769623775968740208,846061984692683067,1203952092609918090,308225856640444195,215632472082248322,688626713077710393,876736008877516484,785704253460654454,572613276268196050,1494551933579615322,2096854360869957999,1961896947722644344,1855667190729814257,2064699991797000670,1555872743516479597,168805927309578820,765035704302916398,1626225376493913954,2079147631066592903,1293448154337633924,1169347941767855789,208940126995396839,442904949310585857,1048957597705323604,799726977548528129}
REDEF={116190677748268304,2089610802023688969,237733586135495140,1886539005586230830,504734266137006273,1160230254271358651,1661926419289865361,245929957599829195,1087033477973600362,308604099096074018,803009341943853313,936375005739881606,1861801071369862416,1256477473811240258,1101418391552405976,1151104177417385796,1498589374555941839,815928765601988919,1748408266562079554,2301095412989778437,2160180222235694283,253436584524875632,142640702570510305,1781971688673311197,450348759141301825,519656673933695875,102206436905385124,1500033235721088445,1460999215386745759,2263997843323282527,2800608868189162,1013451918966166290,473834376396758315,635430874656817841,2070309397767451474,371957919252885487,786680741341971299,1172004846321968720,560322244436403077,1191912893689568243,2177679871238537611,2212768656952914499,767407013845586982,1584918444461372590,393235111694260318,1424765294340263653,746397883440916353,1249178934638921601,594256422188288846,1433527752638592017,383510743196911614,1413759194185095612,1713711842706791217,1872426514848132264,1251531181688816845,236955808344624107,89768339984205776,2064333681664913968,169607898711460320,1764243339260231629,692687185285679832,1872327213087741881,1723284771289192669,616176841289375979,506737597223158155,443911270647717329,2100814710690777052,738739102917775339,1446532365057549006,726187819718244765,345143772492570901,1299048791513482125,1890546907175689805,400276794395389870,1090700346035699184,326176175655071137,1759625750784315224,1999465456476717901,90088830165608031,2267048418748537795,1440836109506996564,2204355488456895314,2242249129024436862,1892622670470689991,1721201731764504520,655069910222085446,1123289868535784095,1536794271373197536,1805520490236373837,2278636491423993200,598826198387848180,1655615449626126028,936215554710996874,117376899198463327,1300253984638527023,2181991563743230741,502458290487690814,1131515150072817721,1531914774472606843,1098671097473590142,57897296646704480,616643819941840859,220406503434564177}

KEY 12: nu={1,1,1,1,2,1,1,2}; delta=658812288346769705
RAW={127289370194126212,1502134633926016166,2157827153191975655,282334877566559062,518657593858368560,223501510202968494,1920508964559483260,1893277464195102990,384029249733729599,420308554215447361,946152684741760903,894257932573363527,64165498955874785,2236959860429745035,1014228538776234863,1979960393731076536,322747059637114805,349944680791827850,1391190096899500248,1718725422089819100,1240305070609900886,1320131254674863988,2272101925855461695,1612589950568933731,1203140128599682798,265157387816366210,1667949514073709024,1779993070128736328,1926458886798583410,1577188960702185688,168188672903260029,7642777905628859,134757606508833110,578690389987148276,2052401045018155308,1468978788802223609,1816918401608854051,1505837434845308763,1427334149065898777,1902951099515085829,1043122835437335572,757012331347635451,1454199481068836909,710618888590169037,450589284383012086,221233698123651044,2037038049683099237,1913526119100709502,451678003883709073,1757883292336618788,1217548202860987771,1007345371455212660,470223062846779050,301040809185359998,2282848395058062814,64084798540091831,1352198510471985747,2229058875173324432,266813092856675774,2293572651487418746,1331794847247946756,1704605391309834520,2221916147730588948,1424873189917073191,522023609195987985,1922383294844846668,100768420297375730,1544926746879620454,1926726110445624223,1410647094046040452,1554937660811070051,1630679538630472408,1524650854492166972,1805430813779673362,1936276941629894450,1095749744532045438,1274769110730110228,859374920977508668,2136796114592377590,1485605439856077967,2233624720862838687,745483467520216283,1399769792070394282,2089116286315481280,937529507634930079,37401016756166813,475457644901807436,288322699280314204,685660775234623953,631671317749029910,468059161197120103,1069913524310408735,1087151136474924569,2274443456308221704,599680627238192581,1807315115621165017,2117323256442745009,1508943063917901997,2018646998487076710,521145420863853135,1899839380925351914,1588849884855303756,2181011366625263220}
REDEF={2206721815981353734,1502134633926016166,2157827153191975655,1838975207017244464,518657593858368560,2089833186683379767,2269358476737343349,333912519657288204,384029249733729599,286065791217798690,959163551674596760,1449101395138981033,2192889836572198657,1503746378587280268,1614542304752605827,1979960393731076536,910821567942550686,465500278107252560,393384882852778916,1101193348937310360,1521124673158184396,1130201277860268350,1806630122175145501,13022267786048147,56198732157622993,1770129990746693659,2081766943527262966,2303535010052303241,1125108190393460403,1374838989759782737,168188672903260029,1536449940273986504,212168869406971236,767519916328144306,654449400354365628,1687827288891302063,1848313413011999132,1118359081047075762,975646062262602893,979832238254002971,2042444367076966931,1106922255123784745,1958261287151004501,1075995816398457894,1338288914342131849,1873818641246304989,1681722677339532471,1690343055769196604,110034599802606004,2271105389053200996,1217297801408940013,424686848609786165,385741211665179044,2000342600305946027,178866565000784776,841251999914084673,161444911458705287,893857996640895192,2143960787600082696,2293572651487418746,2184198257341123328,318777603758634504,1649870765102684780,292924430380106001,1141643020253969509,35230296404875466,1966339176274995573,2214414836867689687,131572473860823251,1856564521063675609,2252498795462712537,53162300822993176,1709177883372761890,667723522210038001,771402706406498211,2194871502199452025,1193359971962481837,590787913594243795,2292339989871734618,725901462297401732,1923833590718708000,1120932482749817041,1597559636811271024,1398200124542694473,792153047574448420,1627971395676290704,1235756106392627778,1712989872826181918,733005863132705926,683840114515903163,2187883024426220835,786627448663045196,149758013048815830,2261135231517838778,909219321237006524,365270949088870983,1239769468679207787,2249031049181074433,1901683680697883848,1719884633127596052,1429482098692819691,2202649148544697572,1515407049348919908}

KEY 13: nu={1,1,1,1,2,1,2,1}; delta=658812288346769705
RAW={1501619805389286995,2021909403393849557,1430361416484042506,1480304536611458763,1261977047004637655,474499998229837989,2199106414144251624,436543185686475037,2047289723382072305,2191826623949352958,803597711895777162,1097952793126799730,524104878427755893,1188963959491977708,2236959860429745035,785631462921231587,1462588575044570047,2257120785946094893,481963118520688900,211455827083565296,446997412495291297,2053950701636010155,554881895161263840,14689308139402981,2297890380800824166,639487552322852047,1817937048416092768,635173190715308912,192079171188054396,1926458886798583410,611380452159201703,1315417760300382617,2218494456496773673,1844125568328207369,1564169333255620707,669368098731535081,288733010590804545,1389890276026359370,190749471065770106,1783385764354550422,1191546228629573465,748505635245951942,1649050682143475089,276883990321579124,710618888590169037,20117409067584627,742137476845451387,1011246007980690046,160713527800479232,417593801778671551,1123821239579595826,1724766064177831835,216207240914166913,1899562684364098885,1601277926573787922,1231352803902841396,100403011558896104,1508304654366399553,2229058875173324432,1710337396797548051,1758596059702690017,1357467330480195821,519253906898097480,541687033765412853,993444674249455014,1269890020454579804,379769826919774773,1973371158207782887,991340609175199130,891606606861512450,591131248382173954,31683073724274410,1568548066608916104,1524650854492166972,873177313455484128,1065808271402438202,1254447738762098968,2010346326453881218,11954598999197990,817691748970173204,1046806830331412835,1879906089101746436,2134241416789701960,1536091892868198577,2167267228982126710,1816384985376802526,2261103370138566010,704635445848036133,288322699280314204,2089179633511868836,1903217163399699830,482871652664428668,1246651998214301922,329768566692514557,1040786328931053074,1768899462436602920,959072356496900324,806087294488608685,1918931461890895813,566117098052478459,1880705197171832445,1435177793493126211,1588849884855303756}
REDEF={199279261868743867,2021909403393849557,1430361416484042506,293273103737824304,1261977047004637655,1013657226226050832,149825971470373505,1594760890018510944,2047289723382072305,225982271093625149,1730380969222642782,1444150538793281935,2290071097242096463,2028428447396778062,1503746378587280268,785631462921231587,44369319906722631,1978700824596513955,441746016309619121,1253072027511577297,555857622821872755,625909752774899253,245481123896758758,1970847949195712705,1139081046346585214,1153349468191842075,1406233577360608663,1133796760101843449,420886766685970368,1125108190393460403,611380452159201703,1334219828526965562,329634928650390986,1781511282278154057,852324021130459714,905148045667182271,628658324761859796,1240582649419408276,2304259180562286946,1825950303325145076,1901507502190143227,97130988546384093,772806058488453666,334231844233510995,1075995816398457894,12025653557688732,103772172392456917,1470925326132631071,1724022565460903463,1552793865912228244,1501458950607572114,1065971661649065546,1894212437665379735,1036017000758069917,749161079863785289,1985386051959284253,2027142724802438824,163394806764287424,893857996640895192,1710337396797548051,128993462085509764,866157256477391200,790722843840085295,2056737838483570944,656986497341212767,607129620677165507,734576078563703534,2020225691634301075,1005000260394781575,855631074998709870,1610133599470395037,722883078406738133,198946141890676503,1709177883372761890,1544574892917826461,2276999376352701526,2171879607069345391,34882427141242906,822557189918191326,2185085023389400691,936368328070340141,1933022614484422927,138239920686020149,1884021521529230031,2158899819068912927,99790661852402755,1163767024106048177,530081077101622917,1712989872826181918,1173501953488771982,220635005018864111,1608189076459139652,668167488123858997,711349030886382845,99054967669342005,1582086483635709499,1756547268845802180,868273801258914986,1832878777227220419,1735750275944407079,1141769190436920861,2219806452477097268,2202649148544697572}

KEY 14: nu={1,1,1,1,2,2,1,1}; delta=658812288346769705
RAW={2160619022582128833,1685877406484221709,1091957197295232296,404827541268644642,459035654748734688,1091001783571383346,1720231426413301154,258094835561587258,1623553552220605655,1225988228900889385,1297008675283885271,400632030084629608,1659202853034428376,1097952793126799730,894257932573363527,2070264538967738502,1384628658258119921,91221175432160783,2145511419265319913,1196122441095648727,1848844478614391343,239058988827631741,2164968244422619662,194821277335155610,1937076503960900297,213034411206524162,822529099759029961,1991198465623307208,1817937048416092768,1667949514073709024,81137447315796567,693860825177896940,2179553179566514863,314934901383898632,344138269139466889,1514707501206200324,1162967877961581043,1705594470891143847,2127446450787483731,915504617914346608,2299265407681288195,1408291533565346238,564929030258259215,748505635245951942,757012331347635451,1190287247608248492,1380453406761457978,649265274766944889,1678650790157318086,524250542624308157,1124994694603354624,927082502664992439,1867454985312993121,401708577819975054,731157448389296996,1928230857909576816,602081618370719996,1231352803902841396,64084798540091831,2282461625039056566,1005420473710646750,2009899419297290655,1073687083556053517,1648607425918107972,5360342573759889,1515171020322629276,1319746465164228160,486586371688812446,2013031897420337301,1832299522654706038,861169611702980629,1218179445535110194,591131248382173954,1554937660811070051,2259647374569037883,1387325845740224740,1045151257207649677,979387611107508204,488953386039492366,237366229895004820,1876155548724939617,297201754599912722,840888401479949741,208540146360144412,1285231249152271661,616451713280888390,1872389563417268609,1816384985376802526,37401016756166813,115020133078840678,1605525788309289537,1858730647494068581,304428747977865941,1498663948196525413,1809034959859031601,609345936369384691,825808084727714947,406787995847830686,549521473446353072,2063137608327130185,1731450987760459469,2099087370089687124,536114344045334031}
REDEF={343217160679075788,1685877406484221709,1091957197295232296,1459844715201246040,459035654748734688,418497630194367261,1683589045767733741,1047088273671183270,1623553552220605655,1556208684476930085,1789651940189345657,491859915199658390,1288323338731161593,1444150538793281935,1449101395138981033,2070264538967738502,1684650167943474265,1685103200267176832,1887038588361273549,761768810354373717,1419001520129854201,1296874491498704753,881512339132927335,721616338517639306,1523654010091745818,1569029953150330803,285281405141020610,1738914815389332015,1406233577360608663,2081766943527262966,81137447315796567,2024332584302179782,1418248288786492327,621144513157027701,1486420286145586757,1552191175692181964,1135603588056583586,1596105721988389942,1445497858002689398,637893676987700366,23257871144927236,38166683430243489,104086530544384197,97130988546384093,1106922255123784745,971120301517851434,737280612499378131,1361712653969987106,1759989635378299666,1301980544434863048,538942912157854486,2250825709312390949,2069394209354942046,1262837327665409170,1700775236076109123,438935232471059307,1694842191398198103,1985386051959284253,841251999914084673,2282461625039056566,355912254870242817,1941829637107224428,1169175681485341979,1316113054046439414,989524299778098938,1482776364488205590,98168972659837632,795383714709465566,721315029011850954,1831986347939752124,1895786412167860153,581723655480213970,1610133599470395037,2252498795462712537,671691222487144147,1692114529042689401,617104506660161970,1699612319596068314,2012421650151969506,244176989988700342,857527547809725078,158975845090841668,2121871827686457288,1981978949392474266,1159236929638090083,2102867967700096677,490557239871694995,99790661852402755,1627971395676290704,761864317112630191,1374985197521502462,404050096704335556,137231526337614915,776754954556685914,65486398439625077,2230964002689286036,1524166035124445762,823794214647172538,2120092439979618662,171185900195570249,1497524352182073745,1789066967642903355,1722710676170223871}

KEY 15: nu={1,1,2,1,1,1,1,1}; delta=658812288346769704
RAW={607964779478271066,1219044073568483119,204819275175969884,2298485574907750718,877711391268109163,711576323875983791,2189786494717713797,1547601789205685075,580612423154444038,1261322154678500895,2246016611857227676,2087902335588493532,1718737093850347822,761799989061855021,184965322537265208,269053865197814849,1279497180591746618,1843724740364909857,2065002132333861289,1734077883117632252,1546861174744145123,1271391589826455069,1458957512708241409,1755013700843369009,536956728839925224,1356567745075385710,1830729018038055405,1776348871308796581,455425801013610063,1498618077537164472,1996246243687387988,808023536117419630,1435084858887798620,393438229513045918,879470996183191490,2199954863564773600,1120403791391239271,1189964345657536588,2231197052813292504,535404097352550928,1038298785907975729,1202558991226454781,176789803964765119,1434883362133020409,415470358614816742,1226744272188943213,2047849313288115092,1624507558174701097,520540638870214474,1295067821490402826,1393933086420407313,1553551750491523938,2136857145769107012,241426894793807571,432302820372362984,2122599362598139803,267306578000446627,1833470763634893394,1306021180999692802,1184808627652192826,842481847656861661,539025445591287606,258698439172961740,318987449057774881,719330069643450942,1865796046116340856,585759569420886886,2120348421365838766,1295392231624190538,1930408028774236160,1609873827998185997,453054945817393350,1665902589704511660,2152192583756720251,747904242987095959,494829156532202037,307069469530413090,29210898223522001,107300610249296590,2020310340829302572,1786422340874739330,106921359174829189,1910403091191525451,1560700380594542486,807852130418681861,282920645776785551,1424450483508104047,1683892758006344154,1470385708236842427,2198050606786929348,1499505178849109580,403789829234182407,264946417877014172,1776642553910444246,450405757173057113,366063774192744122,494313496113876445,67251498580047589,458366202156411294,945608185998968954,1664066452948756782,1379442437222629375,467993705937484419}
REDEF={640898566797182989,1383425108907944062,2001540963647617611,1821431428997067188,879468802353705117,1268638286612310810,100316848245773261,2305210993405930955,2231392647917191303,1213614523682407077,211650694007287930,985010014683529456,193589533568028658,1538919825530380788,2138143076435430461,2207794800192471970,187220895101618151,1884088763542289711,200901527571623249,1193568146321253657,1183096353529959910,651417222919248110,443184357778035336,2195062402295914627,13038775861117888,423606099647576825,640192405880232442,255686806258178526,1140720918600539223,1049097732468132804,2205228554066249336,1645377185678626808,495740236649658197,2042088996399851698,1497901840675298339,1144587816719781421,334517371834907360,1497282460538670458,944330972605820934,667026019977521252,1089346673315193063,706979576501378577,1529574688947686969,1642516285985519193,941251638362208154,2234757858851961553,919168589835981328,332561186332042433,631397323161772008,674928441458906531,1080495306899353206,1559155254310806436,423862630829176004,1940976948696807402,1431684591722847085,904687357776167793,410673893596171139,324699197382228940,1146781562949802709,646620502190195448,370289246828938949,4343797083822794,1778244103305097791,1978937071434202692,1546614106083269373,405375353404442040,715693161269456964,200796498323181735,1611715210490921292,466887581307259806,1762469187580536994,1294417121662782166,2143548304545995021,1104485445661061038,98413992595509781,679728656354462327,710701297925144384,1323375740320410245,828901281668592362,1920597661030875060,261997916817027399,1606858230293681721,1978922188327291292,50686179287459901,265854160395897782,1691035581990263254,1749391674593421645,2008505853543456976,2253340942415614904,1410870325655189677,263495027223632730,492434635911593222,298054235261455373,602448385579134128,313462070939218765,255418309077003922,1209200050974983544,756835853990318519,1842265150108871894,600578745372813298,1839036977696644746,1989054630006737293,564315249323332777}

KEY 16: nu={1,1,2,1,1,1,1,2}; delta=658812288346769705
RAW={1845065630959984456,1576282711459189542,1785812907244936353,428068742615269115,184048957193061709,938778124158435018,421957230072666392,2116902631618304147,1519208195437183987,502673657485381969,61187927155866425,1903556711584260819,497551695703185824,1920281847931794699,791822513969456980,758180811552890240,1300506243995645003,685640667262371324,1579073169452176891,2140319358053087432,855989874820156462,614823361630232560,191640582131945081,166945529100375681,1195214560672557884,1114962565463136124,339375367456790340,1710817757754567944,996437354450300546,1585614636851187463,308303916613683498,2087603837065486676,547026560894883682,3163439813125997,559594879115696067,522742655136844827,1023786302549335648,1822061803654450690,1123568194407204837,623977347983712508,2088118207139953166,281892743608244391,1097823948535929248,1573819927156043147,518441185393832932,1816478804360637754,2043421802818238669,506133834775564283,1740568802061505805,1591173878122773438,26389431822500708,162192286611490789,1338476108795383324,1995121200007440179,1558709346566260787,2117173961756398761,1202515752870806984,425563877035443377,1869895802467767886,1888142924652756462,1525068126468137210,1273658929959353720,2090188395577039308,263103871256931168,565346750359734508,191889655310559707,1793403473894262765,1751791526612152171,1161562770492579806,1652303251514517095,1277118226029866950,1628242901517982231,452927045849554805,1241887698110677082,2302357299655997789,212139229461126027,166878960107165066,97126920781985963,215780833383561512,516870255722048498,1776002598638606260,2060857113503485197,8790925483997878,1496564610354746508,689594191936931297,390895052174603030,2300473951277896501,1156888198420196410,1838502955305954789,845229284942907268,1462603861022506421,1158688870782884882,340704040922863947,2082237024432941362,671783135322933746,1921088630518940849,857724523869687841,1176757511802303171,1424179265874405379,1044926912669835253,2210634612397839720,222828862368640089,1113136507629314078}
REDEF={2089731341707848056,1576282711459189542,1785812907244936353,448760852840416808,184048957193061709,246675768547855819,965993461058329641,2240083230517324440,1519208195437183987,1219714533370189184,1840165124522458787,1745742420550219726,1627958989452467305,2237234842268202890,1130666820210322436,758180811552890240,487208186377530556,690788147812236400,174390158357250406,1425878121607240685,78021892376347146,1275925495878073501,413515763452630490,1855053034689462681,166368719599569854,2251946355294748613,1741082182007497617,1807049923120980246,1789439840384466501,1193100044721049483,308303916613683498,347902100146724326,632859320359189687,893164995533454666,230625553724966817,1475793763410261085,790501134231777273,2033298009062203827,325735216365823700,884219802474213968,1798863514158517937,1375059891618412181,2021620531649833307,1030106803669620828,1498306960651179334,1315594786815961170,340986663246469394,1358531968120383049,1081772556489980581,1873295783065142222,1984713943831671395,1602081971004735285,887441511614613491,495812533626028604,2260038672023184230,2022020035766591062,1655378728438829715,1259849940681922708,157918149758172849,1888142924652756462,1363846497812550711,1245993929561669512,2270013880038077479,193366578772863081,931851674029418422,1288694814190383094,596479537625317158,1737079881190955963,692430515474682327,104793083451246318,2099851834970862158,2095279167077888846,1305519270575941521,1859005707478685762,352438629702054589,2119489262011789433,873600798509687528,105542274960885216,444285428232108986,663954649526945055,245954245671183589,340204532789924248,647517192425567953,512268026008653041,334165766174674101,192544177362806328,2221672776648622719,1894159239715177421,804461546497133610,2058595129259176437,1553817086174367132,1188690324096801088,1993650352665158660,726150489408311970,2060923367687405309,637301331701676491,1946820762699687160,1060934607892367400,2090431481016091949,1376195037340623923,1045718127224819726,299547673470593960,555056738400012775}

KEY 17: nu={1,1,2,1,1,1,2,1}; delta=658812288346769705
RAW={2139763683652439771,1007627134945408029,2209640292359097090,336651487502860489,610915654457108985,2096814048280178847,849060569697101045,246926153033160069,1012828816010843498,2020594483612893979,622363263678140307,1944363058252968861,984227018589227716,2044157979361303203,1920281847931794699,2089730687173385767,581292237779362419,859461145548534659,544345790181784059,145901980518003238,1528364394807157777,1097649908941229985,337019435872696493,1133749933096298156,105784164614683958,417996724351460308,220403342687960970,1934293307897044282,296557075189125879,996437354450300546,1466541588197490798,245067767819935620,1935559695623500016,372614246698625496,350383295043295306,1928566937987285935,1151470592982878047,1714844560712748683,1062426250741965743,2199623235435689679,734745552371288657,2297524751155039989,1141676467309501601,2202299435697923576,1573819927156043147,770743544248410286,1729164548895942167,2147836379905089951,2189595273419646923,320916251073065578,1459598955247055985,1645145761451031343,1224976166603328071,1156366498100788853,801375082848843769,1417639983395145925,473015783066579149,1101352485417051169,425563877035443377,778819144561315447,2194433475421670213,355598523252962678,200293968533774611,1984870714439566324,1973557550783240135,976104286678300519,150390334711926642,1402403545492016532,1683332793961857329,1960053575135658178,1204613257802784277,495939295026627540,1137852790358610518,452927045849554805,2003504482260118123,537132461799504050,1904444783579265433,330194848586085849,2123852967773250851,1351479259934539455,621892984366623379,710942616676116965,1719675819654541539,1023539126702027186,1175254960948392577,1425180909424907108,1261532412626035482,1940624545113517216,1156888198420196410,1029312582557347233,1632913094986511548,1386801661534959147,1281877054628387715,18790258549969532,1209498110347308002,2257858499547770112,925899860886658511,1609057670648668432,1924378095402104482,1899108405751803867,290438449877522271,1109598034641736350,222828862368640089}
REDEF={484032010254747538,1007627134945408029,2209640292359097090,683430191128578560,610915654457108985,1922890559824898352,708845172133227770,1080905150619516728,1012828816010843498,714404910056658969,906281225270993,1264536774945176056,654813100770311026,1118940231842586150,2237234842268202890,2089730687173385767,1930316897290531858,2117132197983670417,2033645278693375382,2100513207670275583,70990018566236113,618912695220913329,1998773815612064414,672667073538845393,2198401285265764720,2161174195175138313,1721069078286583992,1594071378576545437,456596876602260040,1789439840384466501,1466541588197490798,1996471593449939659,1086849138745858992,1342750797459782368,1674532818253475816,1683754774098736904,903013171792967846,2223575506777999274,548882105609222638,1440297775095438709,1131099401404315710,2069730773642933835,2112348731503960664,205021163929008038,1030106803669620828,1656023405132101260,1075069718694131491,705578397777950441,500382008858433895,1162900081832518091,2088778023138191126,1011156222904584733,1696880677389062888,727739247679373382,1959403691380795813,1622312823530723659,1021639484432042820,2184783375332260803,1259849940681922708,778819144561315447,1058362718634647624,303360645380380136,156826923951423615,537111855280577879,2035858011012819932,1635031561604965882,1141957690616557867,669529369605497795,687734197459176244,1407549078502296794,735774742197841151,285300186664457175,462756500256354359,1305519270575941521,249055605145962851,2285559278069712154,740047847958796106,1473118582651780828,1804544622347106451,1976056528724049618,2093714605017934022,1235587710906719580,1462344241217459652,394093233268891774,1794848767554551443,646263201999041510,2262843457929785535,1563822092687690761,1894159239715177421,1432530052450709441,768150527157918232,937626196497644080,820415156086362122,131825771768883738,2200522847774085862,1664524980975944868,1382774960261503071,681611941594356516,1312075117228572968,2154115281976020020,2149293312853384754,404366222197224832,299547673470593960}

KEY 18: nu={1,1,2,1,1,2,1,1}; delta=658812288346769705
RAW={352021790716120142,384080997391221250,865766436524617585,1841907575363863998,783014953086058595,19728726550666743,625992805945535420,2104632127341361895,805981050896607648,2179331647764551008,2160511839227178868,1182917804087690697,1424443461468007472,1944363058252968861,1903556711584260819,1336935757459558422,2121741457345731618,1003344528700572664,1359865461434732085,129567947680351824,1255846813971780914,1206067309054955400,1250989092966352372,2239770210038415852,1199362988054896916,877503454041516295,970189197278228815,553538026998910368,220403342687960970,339375367456790340,380287968338839838,945715842890214870,357589158417642735,1109091837870969615,101575595773806577,514750422146290206,1889274773158444069,1880342615760873346,1977228578812877469,1226694756535141850,2302614294698074224,1255209925890469346,1887182790219765527,2297524751155039989,281892743608244391,1350966615268066600,1989432589923460127,1574536276022659576,114837096204016279,1081534390183343899,1492108858655364755,282637103576094073,1622167977320675240,1160647557628327785,33983785973473190,789583850271664682,1684399390801186407,1417639983395145925,2117173961756398761,1134767715966395137,115831357376897172,2072989726014462277,1898648719364526216,264693350037462044,617696906448692616,890206246868665942,2157674369084240499,1921290491494499125,1134945164969212025,1923288156453883080,668249346726004130,914431229256143443,1204613257802784277,1277118226029866950,75853127300465354,977221037151005097,8707002681565019,1578394011124351416,727606857372809221,5520930888906992,1104358044215853994,2033676175454651854,662607125452325656,1848900829675961622,1453350131213452352,479013235596440359,687286211495799065,1425180909424907108,390895052174603030,703327099729872808,1034769736470192980,619757744064663462,1036527702455177333,1761810370345398104,2055610354757632152,982569484145415002,503410997494149470,519419786209206698,292779477701813629,1324365318606154044,542515522535116807,973916823307723577,1950002418622261475}
REDEF={163525097115561184,384080997391221250,865766436524617585,346528178496147274,783014953086058595,323336167297834561,2243946285416342386,2092080947086855867,805981050896607648,86266606154964179,1084853717814139638,1449623208934406762,1751250573190659079,1264536774945176056,1745742420550219726,1336935757459558422,1150835163418111371,1804350881440695427,1639260280517352483,1056902561275335595,2073456127417181674,1889664276226182537,567089190661731897,875712722488937532,758575484213806282,1720481477102568942,1394034818370011019,955228414914203382,1721069078286583992,1741082182007497617,380287968338839838,1982539049471612032,1272420979841753505,925204082672189337,1374676152837886163,1161762506245325051,89248036564441714,2269796610536998980,843393406382670842,2049400760403215101,1815384634254595836,893887646803300444,1275923400488634965,2069730773642933835,1375059891618412181,108377089846526508,1901610165917507392,1730834723851256091,424427332536110836,958215981170034498,1196831052795343314,612035226361856685,987764625156815764,1161375233546838333,735917935286315408,671680374227353548,991625067252057208,1622312823530723659,2022020035766591062,1134767715966395137,2184389044883975997,2183613701660132000,1961646103092638534,30160188957387619,555786587887929677,1076492304947665773,1502158644972283138,1160797317808773776,1336651521082488461,1840077387820456278,1363882001221897231,1222051295314649730,735774742197841151,2099851834970862158,1556476638061843240,1135860434493703638,83054397611206740,1941710928428393536,186162646198709077,1088458041707689992,2253071871733251343,1750602806371400534,1112743584430189370,1073021784361476541,1756969712782854577,997956176520288340,1024536052017306082,646263201999041510,192544177362806328,2216876367232410439,1632671690068333367,1789296208050349015,510431295145107709,395443857344744779,1131220074177146952,1309017832881114621,625702035043963674,357263330407665690,2282373417099866203,1000619280828144941,1875019952818489947,655634694461983239,1992041060426357198}

KEY 19: nu={1,1,3,1,1,1,1,1}; delta=658812288346769705
RAW={1808841099018486883,1838646152111282455,144281479816525288,2226872225128259519,1848356300871180184,1799996655678122461,1541316755428754741,967051207420214945,243912128450655725,707906811325645123,785638528307907966,1390427289561433876,2011128235731462254,98371924111831504,1157042522915758283,301208046590704369,1214385320214150098,192973809331430322,437568371421444323,1384984483501109697,2136373172411009488,1472164152546330170,1050388786555012799,739863492395079604,115570648675519696,1835659867355602549,1007942912777219845,48780493330589716,81146485407116460,690599333801695129,1841758197513006946,2040956308359862054,545406553963561212,854447296352405337,248074305075847484,1298701550601003889,562819316442595153,751985601349026997,50080213949586376,1615770318660967876,425034558526086618,108023289813405417,2187588458128702944,160681880523433465,1572169677294159833,559368178124987055,300758008284774562,269881170094491601,221345961501654814,1906270161414280025,65319476353899364,470004773271190081,760852773429690620,1940225108708704098,1426736442432951925,2093967412279534933,1713926427233161783,28443276652501830,1403592298105542679,2197616169792366829,1942641646354232886,1970774995681058717,764775026274343244,534282515760548821,485783569865116950,999739091788546624,1815861174693209051,2078493280296337281,305221546351644327,2083770110164552009,921974843829134288,1678155459968443719,1255274755589183419,1413734312554399452,191222778342749796,414038000421418023,2248723776214127461,45603586753600084,1599892438743496667,92692144112838293,918609837371783580,2105554741899353582,1948609024902781063,1426616157551775841,863396306690391738,964365465746310031,410472790395846735,302982727961231668,1357011210332842824,456226749352492426,841294411082946576,738264652894830661,1906420252019931967,217202141314389087,769707005553580762,734196511474348229,1548067348285906309,715676966198045449,1015661651088702316,1848749176304559762,1655253574324000993,131774281381798790,464164152413413214}
REDEF={1616612277409046355,1838646152111282455,144281479816525288,2194402286635174324,1848356300871180184,386063039145799252,1326603885254987938,556477196966104130,243912128450655725,74472964342625109,1481593836567193819,2243212995618349230,1208225193375757514,1575090270817184238,682110876292879363,301208046590704369,1806724974178927335,2077204372392458287,1978953114250535569,1148178063883681537,748259090809520514,690442003451570711,2099696082887293492,1063549658421157436,1135797905703657811,1752028337247234991,511193575381566233,491570890221004417,224166761931491595,651957483513265188,1841758197513006946,288299204236939696,1511622120702104721,1637499969429178016,59601302730897149,734085249531843313,1631419020427105665,1847638486091320064,1595841207622600520,1224205507314880178,1409949455517045140,1248500301334570418,1434129062865719759,1598234170413650237,1527984314937571290,2029603245254657461,2207972706676900334,2069216695518599194,346150529037278825,770815322438564845,788614998906174950,2174256472169521057,2122064080542918115,1696863145596722624,1629091528440473301,1548729084760972670,71138435110329088,1990623580847350058,832113168566315237,2197616169792366829,754208903924762707,1383606435724562186,566666288679429607,1875071444572525165,2300786470531395718,1096227512967608618,2023889007787961897,1817731400619944967,1377847913072915493,702761341231093031,2131611032882598228,12420030856643528,2036665675288332614,1429180996406978509,980370111936929098,469812621908818428,1933803362156316009,102740603963490086,406143271894610261,690845941986099064,882374045512116862,1887485076156321401,779355157097026490,2151693310228653416,2304963954203456472,127715585604934051,1199213270004512492,1536894122876728890,2173163103549934644,724932920756619619,2161011124559071937,1276093905448608668,2130208431236393561,914343609637145244,780920926842234243,1417673180725538176,2123075605836154119,965597809254453442,2247544276645839916,1009692189877667368,1776267467702603526,149487080685267554,544378349988922641}

KEY 20: nu={1,2,1,1,1,1,1,1}; delta=658812288346769704
RAW={1132158010222420957,418356645630431294,2040436802918378733,1488077842693060933,557898152946732057,1698218621691451309,683247154636625476,2142159295624626267,1643074245711042143,6603605148992282,2078272755345828314,463828104897011432,666029613626262017,1720909677762968056,2076369895174047215,283672949285824024,1179326569801608486,351973303491515948,234785331283994831,1504887359534106240,2094689283845989639,1975719272116972935,1836557125714634750,1991295440973572988,1182536829822093207,920962513004263619,891388758304787122,878447044011039499,1242625903006997662,1079409061419739381,1263455089303299110,559392253077388596,1243918410188077433,88523925159458513,164995378975129575,443247505725319760,1528200613501796425,1693770993010905084,1686232906227779647,2277498494172362437,672774946156780556,950227982351277092,2148087445420822323,1394991407186473825,1614449863353058958,439856755106498064,1925630855697497786,1711789374162092249,613099062928352682,1998547263773641875,1519588217031741408,2207579839520151362,1937498776076411782,630286204823753802,924942354473399078,1471045847565231959,1798185285718922085,1643221825533091769,1650191213173998611,342631293284538685,90790854364528320,118331096435351216,2049163831759834224,557665179475781111,2018369358543146911,772013726838858185,1955941577042547247,1922180517537581445,909931277927597819,2160692183019452799,52275628426107578,2147195006650865164,372648342105099769,2100788025807530199,1619983682638144927,2148797166976030764,1961616708975581458,1186075108123395432,381160284146288252,1777233703442491630,226791097933403303,831103612783974236,623854955039247950,1194971588244853142,234841259570169705,590417583448134919,176401136779706082,812257393855288050,77416521814652492,747904242987095959,494829156532202037,307069469530413090,29210898223522001,107300610249296590,2020310340829302572,1786422340874739330,106921359174829189,1910403091191525451,1560700380594542486,807852130418681861,1424450483508104047,1683892758006344154,1470385708236842427}
REDEF={438043311291348345,2198106138135315929,700078633152912639,2295417234876895692,613909631384842308,1482987894791511109,1600264889234991142,455948893465387138,1893573668865536376,1280542282644007783,262218370301748190,103987330628371522,1247078615053666531,290015019895323129,1989644966429447440,1185619437845104955,466571077691728193,2057864144534409349,1520681964007687169,1253450261530633467,1462834819459801915,149440397230280700,469140721273839666,1632823998328267884,223128390206451080,1908115458264526001,304198720149494916,490954226667030029,211849660239054408,1890090860050989238,114385187480211330,387192435546688920,1829823822230608209,1310342658329923913,1694600011451164349,329109944203259644,1694046701073854950,1419474293657623279,2160021437163381896,2142462588569210687,2227335501131514427,1025458197453229067,1195023158311619636,24401172012615505,207647544277428343,759809502730323834,515361845449517030,2277832828005614410,888606582452673329,2019412012056777722,747674615745095355,72251077544123991,2205495904158035931,438928448423821030,18789584364465752,2070066489042672339,312234747881825974,2210111813951326144,888455756566319575,1149286956024166452,1769335872795737749,1571977141943127258,1190684979026981957,1434354893481888513,157111528674142656,1031937890530226063,219137836246440141,1918116272717874136,2000533671344837128,1396917856559901877,1246934894703840541,1587120194865618131,794254830888672282,2082754022702862812,389667601963967965,595647796671310780,407466206334777044,1284582431236957187,1691873524749851133,148232332627635738,686154982154266511,1077195767212425683,1087219946528307592,13945901710082906,117555050218879797,695250289259495816,559793811578474101,2103354774151276314,1746644032642191512,98413992595509781,679728656354462327,710701297925144384,1323375740320410245,828901281668592362,1920597661030875060,261997916817027399,1606858230293681721,1978922188327291292,50686179287459901,265854160395897782,1749391674593421645,2008505853543456976,2253340942415614904}

KEY 21: nu={1,2,1,1,1,1,1,2}; delta=658812288346769705
RAW={1756241815445995358,1127315908178811374,1297193675064259774,823751826312817107,335259200813486169,94141080063779173,759398567829898245,1867119478813142707,1123871218146598593,2047773733890821301,627434305262352617,2097853813591895804,1504979287466922473,927787884596377553,2254240964679312525,1651973302384926993,359844871428405483,2287558043739740003,411943595209731947,223379285873774244,612955735432651944,936539027230193207,1645171645131466909,152440347417373126,2178679900502465217,462594219713947526,141536621588933857,288122277010026959,819337835268382134,926230855018865621,836687993750633615,142530407350867590,212537441408729018,1723351028779335081,40299542161395020,2214687548449973235,1319146965611173423,1922561844949803789,1719864369782213404,1620294317190872576,2228363555063739440,1627092274300113271,528288777669440679,312968300313092859,1440456744725012976,319784195753006824,187775679814086909,1868284236368834360,1430364638491233315,2217502879166640537,1514901821754176675,1663565875390057736,949390153723309096,2180183641209870004,1322480782517767610,1531134960295463135,75730536835039728,2142794715479404881,212578423261950315,1834864100946305991,836604699764960775,1992096707286669595,1222021998540355852,2292148158286990644,1855529023337891148,1582359956519827750,503260102008439237,2108007977172920026,2070843073472043957,528877367375712486,1045903971121984461,1762643068779711451,9243832158705469,952490087330728536,1438559331013715099,1896361498041536001,456234450930857081,209888958858155080,905125147363477984,1778824451381767674,200898291395755978,621024139071265096,1319292480797671741,1663603768761479616,1821509146758218909,1745747504171446241,2130861212129614815,1605650192220245451,561847661149778622,2302357299655997789,212139229461126027,166878960107165066,97126920781985963,215780833383561512,516870255722048498,1776002598638606260,2060857113503485197,8790925483997878,1496564610354746508,689594191936931297,2300473951277896501,1156888198420196410,1838502955305954789}
REDEF={1767973659049395696,1127315908178811374,1297193675064259774,223566267147848670,335259200813486169,1336668358348722130,2159456394076954960,527804198797088254,1123871218146598593,426404126517403219,344070432749768370,999877972202133956,1814669627088243698,1861568017582112434,1073121306474888692,1651973302384926993,1314974768527650112,1404541505175003872,227450110602874850,1681701528455575275,1364290160580847596,1185749195559042136,389981940831346927,1184529273081831236,2055519862338674048,2160988681335806010,1292380154287488604,124481915154080637,1222825940680740590,1944523656891795098,836687993750633615,1931102822245014771,938828400162328523,354885460111322044,901942819654141753,1817080081942921281,1972062022401531073,1478811482308432971,157272934015020377,1387988469311385839,2052032028555710742,1129521654412392668,404095019632885419,1032806337658454900,2225485928985288936,744155695313189147,2162961941068342015,1549571312906460125,1959415585028878227,1251653951423777952,155237698737062792,645751281116319269,516666427101598032,59073557002551401,1819224929651032283,1694643864259496814,1888759954073345515,1454394097286999652,256450007952952297,1834864100946305991,2204724929850338297,1318638205935627149,617406181371756267,2227314550395859183,1715311161985880210,502176066388648595,560542294362541961,2168915338662682441,980707526358919725,63048142166855945,444273475045739703,1746178263845048615,618348299590705223,1123570075303533190,1633692117619687650,1752446578122674906,1886810463020992012,1653731022074464589,1680576589208310891,428733604364042794,987686407284021323,2097172873887572530,1625666304987435621,1394017763206828109,1556039119249623304,449935636068237318,19738234087231964,1288317945621751501,706211371218743323,352438629702054589,2119489262011789433,873600798509687528,105542274960885216,444285428232108986,663954649526945055,245954245671183589,340204532789924248,647517192425567953,512268026008653041,334165766174674101,2221672776648622719,1894159239715177421,804461546497133610}

KEY 22: nu={1,2,1,1,1,1,2,1}; delta=658812288346769705
RAW={845404939115471002,300448544515844978,1092136670148620120,703368440270580047,1548913217638432972,1282660666971792457,1660771879204642835,434729532632549150,692795726998995835,923023170433718455,539299611264890254,1250232571624535022,495999022084588558,278026351810958121,927787884596377553,2098509319574819468,2257500694710201689,563455992236153474,1320669300427310808,833821840728455663,895545385014384129,401783088538263108,310051385181214460,1609715686744784501,994225255175300937,1303718556313234087,1642310136500389793,651268654930175194,597360758470403853,819337835268382134,130777817641856471,41908470643070771,1947607907237283302,174180999051663056,908585595229075235,264165789278466271,73011928130415824,1631804137468300965,437197908353947602,1415103099794775323,2134775993136113651,1865036323837772011,1098440683752715613,1712728858835442193,312968300313092859,784267916955794118,2251597711494807117,2165768779482661430,2241190098951141876,1876656045831506702,1018189486817121117,56495799104251234,2202325612857750801,2111433329957930558,1256593680038239470,1065303840777021376,570254324458877564,2131011333690618501,2142794715479404881,1873163706606178884,2022901662545762347,1175091926273559011,770632151824944705,670881414791455307,893355504521059122,409122237723898045,933827780732018224,1534778094277522167,140920471052122818,27959226803538436,1134989877022248579,697634663114626239,2160976186409315861,9243832158705469,2194208511038670580,1641416604621091497,2008753994757095560,994836764683780759,1159849795773391569,531272027739866320,1519971831482512274,1737266281556143057,1215223865760489534,1356490811054831587,1810706386094755448,111828460174537849,548958487457471127,344683690621173495,1605650192220245451,2003504482260118123,537132461799504050,1904444783579265433,330194848586085849,2123852967773250851,1351479259934539455,621892984366623379,710942616676116965,1719675819654541539,1023539126702027186,1175254960948392577,1261532412626035482,1940624545113517216,1156888198420196410}
REDEF={1513948888838361722,300448544515844978,1092136670148620120,1093455405875101129,1548913217638432972,64730804138254033,2020041747891283674,32942457290464601,692795726998995835,1556785471967351502,285976523633281520,1456855757603895122,1171515080749678029,1431043879398696326,1861568017582112434,2098509319574819468,79542761666571032,1192816817896905680,579017055026339309,1752561708870269383,1942031565082803756,1354888214150342434,1874185680421502924,1773735776233530251,105756150037235113,2102257330738628206,1845325711420826716,601949352710888927,1834840538810007306,1222825940680740590,130777817641856471,2106755122056141819,1987140711290816061,1422494346301809747,607644516033384932,1668682496357949576,865947051851922303,614138387203259074,441412503652514299,2278976447759936987,485989225678272498,1169547861854219918,691692016174997466,1392649256009173871,1032806337658454900,330053346514786295,1453899995594154895,514387120619660483,1877345139502852310,207510020571604375,1301793946466309886,647723881294122358,470533603097289765,404208795407064909,1715107439188179941,1196830764814162143,1027561862655416801,2246244417329335157,1454394097286999652,1873163706606178884,2156725604106176866,1256739029329324108,1995309165993406554,767061577635753259,81655869807958959,1435044277522678959,1419171390670544220,1737019412710994820,604166696200804709,1595111683631070277,2290165945972446352,2053999168840593228,1111551294180237024,618348299590705223,2124300331812633352,774195902380872346,242832983059022955,2296918578553669885,571421280495553997,538485202157078672,1945813036157163187,1958605251159387301,513216891147765606,1728654689621523864,2200723432427576567,1654772910404219758,949154184887581230,1828480791688771158,1288317945621751501,249055605145962851,2285559278069712154,740047847958796106,1473118582651780828,1804544622347106451,1976056528724049618,2093714605017934022,1235587710906719580,1462344241217459652,394093233268891774,1794848767554551443,2262843457929785535,1563822092687690761,1894159239715177421}

KEY 23: nu={1,2,1,1,1,2,1,1}; delta=658812288346769705
RAW={945415593008374294,1050376156394768788,1868572537731147517,1578851330527883751,1777453268316624784,1809883808275178194,2241980510912817590,2035572903394029490,222660828214372939,1640900488887487096,358671313955239916,1070041634133610105,1735958367629060901,1250232571624535022,2097853813591895804,1730294825322647423,1371961181937405630,437168702928275760,1046868855698250565,541571076505047228,82160838526748503,1435381118766262748,1501985626260954858,1828849647102850663,2240950247648673372,2167011744783204646,434464875772322272,505454774104554719,1642310136500389793,141536621588933857,695014716309386077,1592268546677977466,1955209973778770320,210704844687089249,389504283315450063,740466216840222183,1200973611142234358,2109707832494683158,1061748608921558421,2170524392530322254,1578503805317493682,365464614657236321,2172655464981936593,1865036323837772011,1627092274300113271,984551100237611924,1922111174849580709,894735203008390312,1210805800816935292,2252211397795550927,1853272637375829426,437739185361230318,1071281604392173902,810377891911404476,873375036582897022,2206712940979043092,2054524273206046057,1065303840777021376,1531134960295463135,1173149031422719068,1334208388472784127,1114488959549450266,1876245073781217228,1850943023579336005,2079252691956019208,1655841203450381832,1973175440257201502,1648863527944115132,1383759486505722730,1011610409151051963,405341101599845782,1844925180135305232,1134989877022248579,1045903971121984461,2285990092444139521,662744694491595104,1223480386504888051,446165364416592714,1134667726683049081,46328325145383460,2200898529784616411,90431856534796306,1213494953359209266,2046959737314960912,2001027440927162391,2073260614098472587,1021364528309265281,111828460174537849,1745747504171446241,75853127300465354,977221037151005097,8707002681565019,1578394011124351416,727606857372809221,5520930888906992,1104358044215853994,2033676175454651854,662607125452325656,1848900829675961622,1453350131213452352,687286211495799065,1425180909424907108,390895052174603030}
REDEF={1884800562805729491,1050376156394768788,1868572537731147517,2102666843752260243,1777453268316624784,2113436747575973859,264519647316502935,1702587491895391230,222660828214372939,1534638468672080856,1903535295529730575,1653781262262402475,394316810069519010,1456855757603895122,999877972202133956,1730294825322647423,643902885140683996,151834890493668784,1311950287497407336,1402994558886141499,143938451162696458,1043285148916642883,757795267141779268,1826240395331753465,1504301416592702183,92116412446560929,825122869864007566,400556313085754261,1845325711420826716,1292380154287488604,695014716309386077,1166509243697947297,1599239958607298836,2169082725362722680,280372338827924691,1982241188427202666,2207057217332803266,1171664627890230157,2287406545086413588,790109537438452949,133741708990176053,1823616381687365864,1195512179832806474,1169547861854219918,1129521654412392668,150591254404234831,2083547583153659048,1455875576880112718,127601343236984207,1805434628748544420,1612200930451496415,173213712092407862,1140823902362337242,2279116550807280491,1740370539243016678,282757532418786951,118147114005102802,1196830764814162143,1694643864259496814,1173149031422719068,437609956185400721,133016254980671671,1413345236603976805,2214273382513356981,129046338933192646,2269886563898894467,914407744251364476,2259272692463096919,395905105315981827,1865393777473084430,709926713119548085,1052709559497035622,2290165945972446352,444273475045739703,719628027286765471,496610460579083265,1106350110323133865,819457651712273438,1440314454821814529,2243371994593525489,326055993569614681,1971429099728452081,195984982861193459,1952057768818195082,2099235128336561317,1899394574783253171,482192517199962267,1654772910404219758,449935636068237318,1556476638061843240,1135860434493703638,83054397611206740,1941710928428393536,186162646198709077,1088458041707689992,2253071871733251343,1750602806371400534,1112743584430189370,1073021784361476541,1756969712782854577,1024536052017306082,646263201999041510,192544177362806328}

KEY 24: nu={1,2,2,1,1,1,1,1}; delta=658812288346769705
RAW={164002958820317988,1970390909369904544,1784546212918979927,984108050169685291,1497019596883927156,650625073085751201,1630640880053238713,1108467202997165116,1713073937140791680,690329039690432437,2188760777220151211,1530976486676589936,1904468492471795489,1707917982419040543,2052248549354588225,1323252308173272401,2057555716937619196,2099325030229069155,2068168939747628848,1678652389246745032,1666507332051182446,2153526990318949241,647462691918075391,1110783461830593976,910886395887234449,1842648959607465174,1712033158200500570,1849091554992491420,1222754120950015126,224204220135949240,675343005148138005,1704910851007734606,663316629123562956,1302253405407711741,1157672200460198835,2277282443131167786,37806556517525786,410130872207336706,89821850341036851,339712584988552337,724433863783888164,579914367318508522,2002610001310763073,1981257067585228111,1849288683220607386,1533593692230228963,138588778262218391,1271769186583146934,2137174355700369448,1322015654313815458,372969932904211378,1583521636557990765,505085426284554524,2123542753836880362,961223541126808383,1025948899999103881,1979686018869242686,486198242481864344,1862286956594383974,2225664974403662609,613448672351321527,76821277372903696,1446505981959859923,1700301375906752291,444446153534024204,693556878737801658,804334971827419620,403037556783277607,1394161057954936990,678132452718692697,1737776870089441851,272644900192592373,110647975916043564,1481313492782476133,1947742526524563388,844349073576437477,841242819099266907,48250581782602334,2288427885590976471,2033021456468197366,1710365375464784598,1764414146646256924,604822460359439752,380053578106107323,1115817733501114182,1374085541158878408,386603935258347699,1835629562016716068,870833942144169804,382445556685499592,828076000842836046,2191604543214560971,91207173507200168,893941868273299383,185384288225676586,1837219674743567160,1905266474585013213,1591375040591868175,547389305889857731,1726792613380783476,820945580791693470,605965455922463336,408179411451991697}
REDEF={15213069102957365,1970390909369904544,1784546212918979927,1748472683269147486,1497019596883927156,892435432950476714,2300449284593412910,459682794620350956,1713073937140791680,1940418458420873710,502099113490657491,73311497605064087,2174683227879497617,971368898098514636,440621636722449934,1323252308173272401,44436787690913926,1411007172513175748,1760376815642567204,881335824341253905,1619279746144418217,1888840627784019504,908848215790311375,1146290290882439470,1670190483085828500,1483628751455330098,1337767694621262738,2218384003486818044,2198821383962314127,187516374327275844,675343005148138005,2152233877180454822,1925802809732357311,1027750721018949177,685313105761001872,983637893101483059,272696292914220865,824587705305601836,388941450403349475,1676942424598921396,368682805311424064,261068707687429019,314888815438190982,1409175961487727571,2003856084374327150,1706804407226101712,179426080136483265,2092850481631266175,1629749747819227,637921034229658655,977543402273322059,1866627496585222080,38908490141528162,1554301115367646509,1436395285355634599,1140051373308827744,761086357920367724,1085898374936581099,1690269521595736671,2225664974403662609,1210230922807532122,1345185589098516446,1305313322335508581,1495803541999544032,1645129203465332896,286497547314491076,767684145367417266,1809886821099904437,1553336417491060833,281741704216863991,1699513865285116241,525773534609879841,981852814557757241,394664423783788829,823176104782575237,775173972547860527,1263371157077719105,453445504005722843,391158008354062172,832206884792856522,1558160179949990166,631889804343422569,139714477974417096,2302665044129259454,673215436767652609,2191883817734840866,1925282580274801770,1180145624618590393,1806459786096823550,1960740223873858196,939625243817636856,1561763715098938067,205481207926980172,812286543789220522,1381691883972198128,1764748091024233724,1469127143098948851,1558710314194052980,1997543611243612881,2304084899193218993,92583530795331033,767945236539763829,2040483197886175337}

KEY 25: nu={1,3,1,1,1,1,1,1}; delta=658812288346769705
RAW={281893027116879006,1621411190828178474,1204614269366145739,1153745028202883446,1279421210230793308,629930201047275821,969376133345489951,1097364964989919253,2123387747791666960,459051703673085245,230370631620916421,1091620310939243127,862437927120249482,1729783029169788368,1892095368821306285,2287254856079075238,939524221368412063,2250435874318814140,1448932829683749590,1498617443188377010,782626173725936336,2103403367234289850,1967302470592034019,596132952195237817,802900770227924225,1530780359556620473,1543950123857074475,1444070862496464509,222927868238057327,67234657771412061,665848306275937594,982771690849408015,680378116664061519,639551760817501969,1614087644514270235,420103690374383294,950424439699520628,1658380317295618560,1417971379050101296,1370911373686086058,679449256649819783,593809851013193381,106625323789863360,1083088888263678825,2081638789077744711,230838496468648739,1732895074529817488,2185000983504260661,586033420528484772,672496195247020833,1578678360428991077,1106758178056011001,1235259385983498692,2265189958434112166,1224873503206433129,1780275288594145871,1289428895410878202,294132578838887537,1520487149738139344,1845914379027772876,1416331232811663437,1498793365527062677,2149542522102477389,342590360009048799,2248167347128839188,1542771297688394512,1431163547467482102,354166000867286069,13599176994632758,145480941547135232,851705106362265642,1181639536716004272,1994362233859954134,290588029782741545,1444062912770538030,229296319014489318,2178176775492550034,1102646743732210296,1451474233704887732,1127880078043052327,1383428099065435975,2238888817957062866,456244915530851408,406061972210948528,1558561514078465854,696237662922888392,1887833082390635834,687766952438804355,311230627496143459,973871263262281694,1575096041395065714,1573542914156480429,24125290891301167,2297135447402335211,1016510728234098683,855182687732392299,882207073323128462,302411230179719876,1342948293659900637,557908866750557091,1346223472236020825,917814781008358034,435416971072084902}
REDEF={2115338689198548102,1621411190828178474,1204614269366145739,308753512163779089,1279421210230793308,367270204512469472,1216521123424448971,1495292511443782655,2123387747791666960,751821711597046352,1394758755808218591,489578715346394154,1949291658587404200,690953578695939628,623643093429737311,2287254856079075238,1115650884723920079,1899209465847581163,467021370042894487,913219273926366580,298460886186221079,551281788493860279,1084602540847254053,1516408370965621644,1833180960087954598,585402874901674507,99429713852028319,1136741729035773397,762471858563404243,2081601110664717658,665848306275937594,1646721187065309997,1698437838450086454,800195946763452626,24709487802402107,1694957350900026994,699251604962496245,1396994793423382576,1166843359303333234,1960860777052059527,1807808690661731518,968075314592431213,1823802468276893037,107021625251379824,2118326634886418107,2286202255231857046,1823470982634216804,1753401887097154839,1765618752084486475,2179220623690159994,668173216511981093,694540001184956671,8570322068856843,784833762479366014,799893075331339437,1611988456516224141,2104294409342359041,1065543028287892507,780443315133743538,1845914379027772876,1671590281144067925,1435636814262988905,1556681773196915392,512783234257680121,1379805912424192313,1868416303640914547,760422089730176441,1040604925190230786,2074426611499887271,1035291198482608225,1144783816537575425,656629571610339576,29870673965773662,988518485932089780,549401502467988915,794073983206437103,1093654208980513865,1423551119250442577,999973895692836746,92017903462225351,1540393688883482890,2262558476945572975,570259667472031618,603429933944283803,1314139583050488423,279835745108436590,757341309371637967,556551104233030180,587145705215997023,1564509556998134594,1540508490880777239,1784607083145706528,1379644256609708397,195579004177031086,416103442396428261,779080089974995083,1468866406778558260,69857238987208548,1151332522064629727,1489529222990673280,962641290137400885,1742994316916142172,903229893048411775}

KEY 26: nu={2,1,2,1,1,1,1,1}; delta=658812288346769705
RAW={222036082091825082,50801740480129280,27914561485693564,1487033961520820757,846085437746685166,1955334319323101939,14468142012619861,21514611384107821,1830175401230840734,1244221201407164324,911474581947887034,517795626253130633,1577909979069707985,1945224198722829330,60387100704017903,111120742661197963,1151705489683415843,282688629170548246,1909221212716703070,734829788274485175,1737257185237429259,548282142403017203,404488240691045504,266161870963265709,626858587135494886,46992588247025871,1358881025848086188,888684605464920469,465370116435835842,1507665053150883932,562423383779541968,322682023796203509,1422471422488903902,1207099790801819569,2078394211632302609,2148731628956826640,21994028419738588,1507619597864460614,2190506687373885795,505028698764348885,1998884251683350773,307323071041919814,362952306108147773,874181827662272452,1508430631217338059,732611697758241616,1823731910307505295,1175646933480556669,1511279100853494352,487905229008303519,408301037181276532,534603084835493037,448037899514345126,672109161592985724,364686772062312685,1886888949698462254,1242683576305068974,2235130459005626504,942036293835919719,1417666095214186711,1576315214924432893,54289304101079166,1376931544745879751,1523832161941763088,170499646305984905,52854909996152140,1895712137006357245,237156488899290918,1311689636144971720,141448325819048978,1725928641895185429,529675252480514741,324585941628465840,456554325993086565,1533593692230228963,138588778262218391,1271769186583146934,2137174355700369448,1322015654313815458,372969932904211378,1583521636557990765,835084038021288576,505085426284554524,2123542753836880362,961223541126808383,1025948899999103881,1979686018869242686,486198242481864344,1862286956594383974,1118736356249974110,601516016569549124,539762340188983202,442691923003309628,1506697313614866099,130638952707798728,940009546542380162,1421814360370379577,1521705546859381240,1574607208203714245,547629875652209899,1122009845252629615,56886553305003660,501341586997391407}
REDEF={345334126884705262,50801740480129280,27914561485693564,651354896477534489,846085437746685166,1469449150491522168,1141787035223005354,1484113510112780548,1830175401230840734,2046160423950265618,1866926303761765168,1992245862674895864,1727779214893770765,1580067559942598712,937197905810472930,111120742661197963,1329825332989617682,248226312614116546,226408617894966838,80084823459245062,2104354189430650107,2221101068671657643,938588039649261034,435988209180930867,491379699122159872,575617370753414429,757277414727735370,1561831684060816908,1012881693846383679,1339863479998143920,562423383779541968,1652715347064106803,527381132449847171,330110785547289694,350883407662763605,1495078419587138421,856327757422457328,2151726187703283862,1777450618662433164,563068460895919121,1946735327042969614,1544562603031381634,273528950980593571,922789945704533930,876946950751946440,300922675694977876,1046893939601501374,1726094118032290549,1846037437555314239,2142327115834031441,2088086085250488978,1647106598611550781,954058782938244945,645473117682472541,1057958720476229253,1437216099977791642,175906479363685407,737821750828515777,2172960305518063253,1417666095214186711,231490000553933308,2038585835311890943,2291109363384749574,237459911160862785,2280722818998792067,934818653635172294,1481255303908092115,386784381391628778,1734653084753444477,1687300088313104675,2044774301526264932,1433131783314134555,896667047725966380,301986924839366801,1706804407226101712,179426080136483265,2092850481631266175,1629749747819227,637921034229658655,977543402273322059,1866627496585222080,1743140408066677936,38908490141528162,1554301115367646509,1436395285355634599,1140051373308827744,761086357920367724,1085898374936581099,1690269521595736671,1753363481295620971,2110102404140106717,1832590381823504437,692301058074557650,1541630644877129690,1577229997812349900,2042669935125348163,2045852410499859659,1938285151872142279,1087883281979751297,952340047667252651,142276870220658176,1675404152481006165,1664226337132630474}

KEY 27: nu={2,2,1,1,1,1,1,1}; delta=658812288346769705
RAW={445895985937196994,1285959090984389067,683317473071431715,2137853078372568737,2303768857348836024,1002981921555633750,359045717046543811,1472172599039451964,1620448358419608061,690806957028098742,2189754231833269486,433640804975300280,316312058088831432,29135309119496518,1310562854683527794,736094058023834952,1801598298165030045,2271201954496562421,1716709097241958994,736754392483476561,1591080064292037096,887319039950273928,498904268824303674,317341211232745304,912461252262211796,1092356835916112114,1226206863421645211,1301848703644621916,1700450257994260460,867760412115181208,1341191311424075599,381839532643448670,1343694745787624475,1941805166225213710,60843149963519022,1050948688822133768,1144829969009024435,1496866527831602943,2305531512972062763,1558495201107994963,1855578695187079616,1893923966731215526,247737924116075786,1375102776342022267,1596355912125620038,2176558578153363397,1387519244621730700,1869811509101015299,689345758741696228,2251973719059582854,1867614156847146913,912911195450917724,2004426053313118163,1939163161325917308,275773116414314183,859983702888454271,560799932231160678,1894000792734656715,364076558396420580,657404001897334807,1074784026088211181,1418946913565007636,1428617178930126879,1668538743026756902,2264221830519926313,60572817473939035,1294925383836150782,1578135942371956712,2280395328555587577,1481899499594971942,1118223307187307189,2134410047365615772,139665232686336301,448408440271898480,461676992937297478,1159947139845941025,2064158957794827371,1172066841056969544,1344992390494041666,851513711644288203,2213516356112022002,2150076641510418912,164675762753303433,2224536907654530381,143903997199172307,1254707567974597791,273014781608062453,588265157677775074,735131290262584737,1533593692230228963,138588778262218391,1271769186583146934,2137174355700369448,1322015654313815458,372969932904211378,1583521636557990765,835084038021288576,505085426284554524,2123542753836880362,961223541126808383,1979686018869242686,486198242481864344,1862286956594383974}
REDEF={2130551758301505467,1285959090984389067,683317473071431715,2057226195432926575,2303768857348836024,1565488262157735266,518499941124824735,643275940540528600,1620448358419608061,2056737921302513383,736099743435356412,148947537238582486,2250059123945023182,123291047171080640,468620662260604829,736094058023834952,2191693335449053573,297062880021880331,1625138399921565091,408354806631737345,1159698811175255654,683033356423623287,1264136977467280703,137081246709252266,716667460835923662,1413016008089186023,878153871175088827,1103276902705003368,747569761030260972,498993097034660059,1341191311424075599,1493112055032070868,1318397638968749814,1827946667782401803,951087032940008717,1851342197791350636,1515672713042997701,428666929915171883,1987606098043027649,548237608431987668,540547015320652750,791288179758223211,1644598750500783413,280079621520926593,1931959058431100062,75990309877020918,609653453183607774,529535812010075368,2147425045341042574,1930800050965438961,1515889439892665052,309076972726847199,1629352853691416431,985600702352786060,506384351139836809,1383620848584643022,1666084525930717979,456333102902960524,606011016130029876,657404001897334807,703558609839297880,2018412343276783245,960180868879114578,937905094476796959,2069248537578272100,1804827993557665768,1817696431580622750,968038805880966290,212261854526212769,434880613438382812,369692380028831525,1471519695436225440,2091799758710934303,375032748654551688,2266561501250020141,1341098956054739657,1200960764980615727,1225394494955278999,2052598238166626037,1336346433023962186,1389080002369913342,1878015992439893791,17140644137713686,1569667524958732028,1599786150662678874,918133903818754331,1902745809471024131,2131086056575785014,1560886630267487076,1706804407226101712,179426080136483265,2092850481631266175,1629749747819227,637921034229658655,977543402273322059,1866627496585222080,1743140408066677936,38908490141528162,1554301115367646509,1436395285355634599,761086357920367724,1085898374936581099,1690269521595736671}

